GHI,temp,pressure,humidity,wind_speed,rain_1h,clouds_all,Year,Month_num,DayOfYear,Minute,Hour,Season,Day,Week_cos,Energy_lag_1,Energy_lag_2
0.0,19.9,1016.0,78.0,3.2,0.0,7.000000000000001,2018,6,152,0,0,1,4,-0.8610436117673553,0.0,0.0
0.0,19.9,1016.0,78.0,3.2,0.0,7.000000000000001,2018,6,152,15,0,1,4,-0.8610436117673553,0.0,0.0
0.0,19.9,1016.0,78.0,3.2,0.0,7.000000000000001,2018,6,152,30,0,1,4,-0.8610436117673553,0.0,0.0
0.0,19.9,1016.0,78.0,3.2,0.0,7.000000000000001,2018,6,152,45,0,1,4,-0.8610436117673553,0.0,0.0
0.0,18.8,1016.0,80.99999999999999,2.7,0.0,9.0,2018,6,152,0,1,1,4,-0.8610436117673553,0.0,0.0
0.0,18.8,1016.0,80.99999999999999,2.7,0.0,9.0,2018,6,152,15,1,1,4,-0.8610436117673553,0.0,0.0
0.0,18.8,1016.0,80.99999999999999,2.7,0.0,9.0,2018,6,152,30,1,1,4,-0.8610436117673553,0.0,0.0
0.0,18.8,1016.0,80.99999999999999,2.7,0.0,9.0,2018,6,152,45,1,1,4,-0.8610436117673553,0.0,0.0
0.0,16.999999999999996,1016.0,82.0,2.4,0.0,9.0,2018,6,152,0,2,1,4,-0.8610436117673553,0.0,0.0
0.0,16.999999999999996,1016.0,82.0,2.4,0.0,9.0,2018,6,152,15,2,1,4,-0.8610436117673553,0.0,0.0
0.0,16.999999999999996,1016.0,82.0,2.4,0.0,9.0,2018,6,152,30,2,1,4,-0.8610436117673553,0.0,0.0
1.3,16.999999999999996,1016.0,82.0,2.4,0.0,9.0,2018,6,152,45,2,1,4,-0.8610436117673553,0.0,0.0
4.2,16.1,1016.0,85.0,2.6,0.0,10.0,2018,6,152,0,3,1,4,-0.8610436117673553,0.0,0.0
8.1,16.1,1016.0,85.0,2.6,0.0,10.0,2018,6,152,15,3,1,4,-0.8610436117673553,37.0,0.0
5.0,16.1,1016.0,85.0,2.6,0.0,10.0,2018,6,152,30,3,1,4,-0.8610436117673553,79.0,37.0
2.9,16.1,1016.0,85.0,2.6,0.0,10.0,2018,6,152,45,3,1,4,-0.8610436117673553,141.0,79.0
8.1,15.6,1016.0,85.0,2.7,0.0,7.000000000000001,2018,6,152,0,4,1,4,-0.8610436117673553,218.0,141.0
18.9,15.6,1016.0,85.0,2.7,0.0,7.000000000000001,2018,6,152,15,4,1,4,-0.8610436117673553,254.00000000000003,218.0
21.0,15.6,1016.0,85.0,2.7,0.0,7.000000000000001,2018,6,152,30,4,1,4,-0.8610436117673553,357.0,254.00000000000003
24.9,15.6,1016.0,85.0,2.7,0.0,7.000000000000001,2018,6,152,45,4,1,4,-0.8610436117673553,466.0,357.0
42.7,18.6,1016.0,80.99999999999999,2.5,0.0,10.0,2018,6,152,0,5,1,4,-0.8610436117673553,564.0,466.0
55.6,18.6,1016.0,80.99999999999999,2.5,0.0,10.0,2018,6,152,15,5,1,4,-0.8610436117673553,489.0,564.0
73.6,18.6,1016.0,80.99999999999999,2.5,0.0,10.0,2018,6,152,30,5,1,4,-0.8610436117673553,330.0,489.0
87.6,18.6,1016.0,80.99999999999999,2.5,0.0,10.0,2018,6,152,45,5,1,4,-0.8610436117673553,413.0,330.0
97.0,21.000000000000004,1016.0,74.0,2.4,0.0,2.0,2018,6,152,0,6,1,4,-0.8610436117673553,669.0,413.0
106.4,21.000000000000004,1016.0,74.0,2.4,0.0,2.0,2018,6,152,15,6,1,4,-0.8610436117673553,772.0,669.0
115.7,21.000000000000004,1016.0,74.0,2.4,0.0,2.0,2018,6,152,30,6,1,4,-0.8610436117673553,1023.0,772.0
124.7,21.000000000000004,1016.0,74.0,2.4,0.0,2.0,2018,6,152,45,6,1,4,-0.8610436117673553,1265.0,1023.0
133.5,22.899999999999995,1016.0,71.0,2.5,0.0,1.0,2018,6,152,0,7,1,4,-0.8610436117673553,1612.0,1265.0
142.0,22.899999999999995,1016.0,71.0,2.5,0.0,1.0,2018,6,152,15,7,1,4,-0.8610436117673553,1848.0,1612.0
150.1,22.899999999999995,1016.0,71.0,2.5,0.0,1.0,2018,6,152,30,7,1,4,-0.8610436117673553,2044.0,1848.0
157.8,22.899999999999995,1016.0,71.0,2.5,0.0,1.0,2018,6,152,45,7,1,4,-0.8610436117673553,2240.0,2044.0
165.1,25.0,1016.0,67.0,2.5,0.0,6.0,2018,6,152,0,8,1,4,-0.8610436117673553,2603.0,2240.0
171.9,25.0,1016.0,67.0,2.5,0.0,6.0,2018,6,152,15,8,1,4,-0.8610436117673553,2806.0,2603.0
178.2,25.0,1016.0,67.0,2.5,0.0,6.0,2018,6,152,30,8,1,4,-0.8610436117673553,3094.0,2806.0
183.9,25.0,1016.0,67.0,2.5,0.0,6.0,2018,6,152,45,8,1,4,-0.8610436117673553,3267.0,3094.0
189.0,26.2,1016.0,64.0,2.5,0.0,8.0,2018,6,152,0,9,1,4,-0.8610436117673553,3351.0,3267.0
193.6,26.2,1016.0,64.0,2.5,0.0,8.0,2018,6,152,15,9,1,4,-0.8610436117673553,3423.9999999999995,3351.0
197.4,26.2,1016.0,64.0,2.5,0.0,8.0,2018,6,152,30,9,1,4,-0.8610436117673553,3522.9999999999995,3423.9999999999995
200.7,26.2,1016.0,64.0,2.5,0.0,8.0,2018,6,152,45,9,1,4,-0.8610436117673553,3577.0,3522.9999999999995
203.3,28.100000000000005,1016.0,50.0,2.4,0.0,93.0,2018,6,152,0,10,1,4,-0.8610436117673553,3650.0,3577.0
204.8,28.100000000000005,1016.0,50.0,2.4,0.0,93.0,2018,6,152,15,10,1,4,-0.8610436117673553,3674.0,3650.0
197.0,28.100000000000005,1016.0,50.0,2.4,0.0,93.0,2018,6,152,30,10,1,4,-0.8610436117673553,3756.0,3674.0
193.7,28.100000000000005,1016.0,50.0,2.4,0.0,93.0,2018,6,152,45,10,1,4,-0.8610436117673553,3809.0,3756.0
190.0,29.200000000000003,1015.0,47.0,3.5,0.0,75.0,2018,6,152,0,11,1,4,-0.8610436117673553,3850.0,3809.0
198.1,29.200000000000003,1015.0,47.0,3.5,0.0,75.0,2018,6,152,15,11,1,4,-0.8610436117673553,3741.0,3850.0
148.0,29.200000000000003,1015.0,47.0,3.5,0.0,75.0,2018,6,152,30,11,1,4,-0.8610436117673553,3914.0,3741.0
125.1,29.200000000000003,1015.0,47.0,3.5,0.0,75.0,2018,6,152,45,11,1,4,-0.8610436117673553,2613.0,3914.0
174.7,25.9,1014.0,47.0,3.8,0.0,47.0,2018,6,152,0,12,1,4,-0.8610436117673553,698.0,2613.0
166.8,25.9,1014.0,47.0,3.8,0.0,47.0,2018,6,152,15,12,1,4,-0.8610436117673553,664.9999999999999,698.0
125.5,25.9,1014.0,47.0,3.8,0.0,47.0,2018,6,152,30,12,1,4,-0.8610436117673553,507.0,664.9999999999999
90.2,25.9,1014.0,47.0,3.8,0.0,47.0,2018,6,152,45,12,1,4,-0.8610436117673553,357.0,507.0
72.6,23.9,1015.0,48.00000000000001,3.5,0.23,82.0,2018,6,152,0,13,1,4,-0.8610436117673553,467.0,357.0
87.7,23.9,1015.0,48.00000000000001,3.5,0.23,82.0,2018,6,152,15,13,1,4,-0.8610436117673553,543.0,467.0
130.1,23.9,1015.0,48.00000000000001,3.5,0.23,82.0,2018,6,152,30,13,1,4,-0.8610436117673553,3020.0,543.0
146.8,23.9,1015.0,48.00000000000001,3.5,0.23,82.0,2018,6,152,45,13,1,4,-0.8610436117673553,3034.0,3020.0
132.3,23.8,1015.0,57.0,2.5,1.07,80.0,2018,6,152,0,14,1,4,-0.8610436117673553,1885.0,3034.0
122.1,23.8,1015.0,57.0,2.5,1.07,80.0,2018,6,152,15,14,1,4,-0.8610436117673553,2138.0,1885.0
115.0,23.8,1015.0,57.0,2.5,1.07,80.0,2018,6,152,30,14,1,4,-0.8610436117673553,2392.0,2138.0
84.0,23.8,1015.0,57.0,2.5,1.07,80.0,2018,6,152,45,14,1,4,-0.8610436117673553,1699.0,2392.0
27.6,24.2,1014.0,59.0,1.7,0.1,46.0,2018,6,152,0,15,1,4,-0.8610436117673553,1423.0,1699.0
8.7,24.2,1014.0,59.0,1.7,0.1,46.0,2018,6,152,15,15,1,4,-0.8610436117673553,668.0,1423.0
29.3,24.2,1014.0,59.0,1.7,0.1,46.0,2018,6,152,30,15,1,4,-0.8610436117673553,1257.0,668.0
28.2,24.2,1014.0,59.0,1.7,0.1,46.0,2018,6,152,45,15,1,4,-0.8610436117673553,1146.0,1257.0
26.2,24.0,1014.0,61.0,2.1,0.0,31.0,2018,6,152,0,16,1,4,-0.8610436117673553,559.0,1146.0
28.7,24.0,1014.0,61.0,2.1,0.0,31.0,2018,6,152,15,16,1,4,-0.8610436117673553,430.0,559.0
23.1,24.0,1014.0,61.0,2.1,0.0,31.0,2018,6,152,30,16,1,4,-0.8610436117673553,475.0,430.0
33.5,24.0,1014.0,61.0,2.1,0.0,31.0,2018,6,152,45,16,1,4,-0.8610436117673553,515.0,475.0
34.5,24.7,1014.0,65.0,1.3,0.0,18.0,2018,6,152,0,17,1,4,-0.8610436117673553,483.0,515.0
32.3,24.7,1014.0,65.0,1.3,0.0,18.0,2018,6,152,15,17,1,4,-0.8610436117673553,336.0,483.0
30.300000000000004,24.7,1014.0,65.0,1.3,0.0,18.0,2018,6,152,30,17,1,4,-0.8610436117673553,285.0,336.0
21.9,24.7,1014.0,65.0,1.3,0.0,18.0,2018,6,152,45,17,1,4,-0.8610436117673553,258.0,285.0
11.3,24.1,1014.0,72.0,0.8,0.0,15.0,2018,6,152,0,18,1,4,-0.8610436117673553,251.0,258.0
6.4,24.1,1014.0,72.0,0.8,0.0,15.0,2018,6,152,15,18,1,4,-0.8610436117673553,169.0,251.0
4.9,24.1,1014.0,72.0,0.8,0.0,15.0,2018,6,152,30,18,1,4,-0.8610436117673553,100.0,169.0
2.8,24.1,1014.0,72.0,0.8,0.0,15.0,2018,6,152,45,18,1,4,-0.8610436117673553,53.0,100.0
0.5,22.0,1014.0,80.0,1.3,0.0,10.0,2018,6,152,0,19,1,4,-0.8610436117673553,22.0,53.0
0.0,22.0,1014.0,80.0,1.3,0.0,10.0,2018,6,152,15,19,1,4,-0.8610436117673553,8.0,22.0
0.0,22.0,1014.0,80.0,1.3,0.0,10.0,2018,6,152,30,19,1,4,-0.8610436117673553,0.0,8.0
0.0,22.0,1014.0,80.0,1.3,0.0,10.0,2018,6,152,45,19,1,4,-0.8610436117673553,0.0,0.0
0.0,21.5,1014.0,80.99999999999999,1.8,1.06,13.0,2018,6,152,0,20,1,4,-0.8610436117673553,0.0,0.0
0.0,21.5,1014.0,80.99999999999999,1.8,1.06,13.0,2018,6,152,15,20,1,4,-0.8610436117673553,0.0,0.0
0.0,21.5,1014.0,80.99999999999999,1.8,1.06,13.0,2018,6,152,30,20,1,4,-0.8610436117673553,0.0,0.0
0.0,21.5,1014.0,80.99999999999999,1.8,1.06,13.0,2018,6,152,45,20,1,4,-0.8610436117673553,0.0,0.0
0.0,19.0,1014.0,84.0,1.5,1.3,57.99999999999999,2018,6,152,0,21,1,4,-0.8610436117673553,0.0,0.0
0.0,19.0,1014.0,84.0,1.5,1.3,57.99999999999999,2018,6,152,15,21,1,4,-0.8610436117673553,0.0,0.0
0.0,19.0,1014.0,84.0,1.5,1.3,57.99999999999999,2018,6,152,30,21,1,4,-0.8610436117673553,0.0,0.0
0.0,19.0,1014.0,84.0,1.5,1.3,57.99999999999999,2018,6,152,45,21,1,4,-0.8610436117673553,0.0,0.0
0.0,17.400000000000002,1014.0,97.0,1.5,2.11,38.0,2018,6,152,0,22,1,4,-0.8610436117673553,0.0,0.0
0.0,17.400000000000002,1014.0,97.0,1.5,2.11,38.0,2018,6,152,15,22,1,4,-0.8610436117673553,0.0,0.0
0.0,17.400000000000002,1014.0,97.0,1.5,2.11,38.0,2018,6,152,30,22,1,4,-0.8610436117673553,0.0,0.0
0.0,17.400000000000002,1014.0,97.0,1.5,2.11,38.0,2018,6,152,45,22,1,4,-0.8610436117673553,0.0,0.0
0.0,16.6,1014.0,98.0,2.2,0.0,31.0,2018,6,152,0,23,1,4,-0.8610436117673553,0.0,0.0
0.0,16.6,1014.0,98.0,2.2,0.0,31.0,2018,6,152,15,23,1,4,-0.8610436117673553,0.0,0.0
0.0,16.6,1014.0,98.0,2.2,0.0,31.0,2018,6,152,30,23,1,4,-0.8610436117673553,0.0,0.0
0.0,16.6,1014.0,98.0,2.2,0.0,31.0,2018,6,152,45,23,1,4,-0.8610436117673553,0.0,0.0
0.0,16.4,1014.0,99.0,1.6,0.0,41.0,2018,6,153,0,0,1,5,-0.8610436117673553,0.0,0.0
0.0,16.4,1014.0,99.0,1.6,0.0,41.0,2018,6,153,15,0,1,5,-0.8610436117673553,0.0,0.0
0.0,16.4,1014.0,99.0,1.6,0.0,41.0,2018,6,153,30,0,1,5,-0.8610436117673553,0.0,0.0
0.0,16.4,1014.0,99.0,1.6,0.0,41.0,2018,6,153,45,0,1,5,-0.8610436117673553,0.0,0.0
0.0,15.4,1013.0,100.0,0.6,0.0,37.0,2018,6,153,0,1,1,5,-0.8610436117673553,0.0,0.0
0.0,15.4,1013.0,100.0,0.6,0.0,37.0,2018,6,153,15,1,1,5,-0.8610436117673553,0.0,0.0
0.0,15.4,1013.0,100.0,0.6,0.0,37.0,2018,6,153,30,1,1,5,-0.8610436117673553,0.0,0.0
0.0,15.4,1013.0,100.0,0.6,0.0,37.0,2018,6,153,45,1,1,5,-0.8610436117673553,0.0,0.0
0.0,15.3,1013.0,100.0,1.1,0.0,58.99999999999999,2018,6,153,0,2,1,5,-0.8610436117673553,0.0,0.0
0.0,15.3,1013.0,100.0,1.1,0.0,58.99999999999999,2018,6,153,15,2,1,5,-0.8610436117673553,0.0,0.0
0.0,15.3,1013.0,100.0,1.1,0.0,58.99999999999999,2018,6,153,30,2,1,5,-0.8610436117673553,0.0,0.0
1.3,15.3,1013.0,100.0,1.1,0.0,58.99999999999999,2018,6,153,45,2,1,5,-0.8610436117673553,0.0,0.0
4.1,14.999999999999998,1014.0,99.0,1.7,0.0,81.0,2018,6,153,0,3,1,5,-0.8610436117673553,12.000000000000002,0.0
7.699999999999999,14.999999999999998,1014.0,99.0,1.7,0.0,81.0,2018,6,153,15,3,1,5,-0.8610436117673553,39.0,12.000000000000002
4.9,14.999999999999998,1014.0,99.0,1.7,0.0,81.0,2018,6,153,30,3,1,5,-0.8610436117673553,61.0,39.0
10.7,14.999999999999998,1014.0,99.0,1.7,0.0,81.0,2018,6,153,45,3,1,5,-0.8610436117673553,83.0,61.0
19.2,15.499999999999998,1014.0,98.0,2.3,0.0,58.99999999999999,2018,6,153,0,4,1,5,-0.8610436117673553,101.0,83.0
28.2,15.499999999999998,1014.0,98.0,2.3,0.0,58.99999999999999,2018,6,153,15,4,1,5,-0.8610436117673553,159.0,101.0
32.7,15.499999999999998,1014.0,98.0,2.3,0.0,58.99999999999999,2018,6,153,30,4,1,5,-0.8610436117673553,192.00000000000003,159.0
44.1,15.499999999999998,1014.0,98.0,2.3,0.0,58.99999999999999,2018,6,153,45,4,1,5,-0.8610436117673553,210.00000000000003,192.00000000000003
55.5,17.900000000000002,1013.0,96.0,1.8,0.0,36.0,2018,6,153,0,5,1,5,-0.8610436117673553,359.0,210.00000000000003
64.4,17.900000000000002,1013.0,96.0,1.8,0.0,36.0,2018,6,153,15,5,1,5,-0.8610436117673553,440.0,359.0
73.4,17.900000000000002,1013.0,96.0,1.8,0.0,36.0,2018,6,153,30,5,1,5,-0.8610436117673553,501.0,440.0
82.6,17.900000000000002,1013.0,96.0,1.8,0.0,36.0,2018,6,153,45,5,1,5,-0.8610436117673553,590.0,501.0
91.9,20.4,1014.0,92.0,1.2,0.0,42.0,2018,6,153,0,6,1,5,-0.8610436117673553,770.0,590.0
101.2,20.4,1014.0,92.0,1.2,0.0,42.0,2018,6,153,15,6,1,5,-0.8610436117673553,835.0000000000001,770.0
110.4,20.4,1014.0,92.0,1.2,0.0,42.0,2018,6,153,30,6,1,5,-0.8610436117673553,1030.0,835.0000000000001
119.2,20.4,1014.0,92.0,1.2,0.0,42.0,2018,6,153,45,6,1,5,-0.8610436117673553,1266.0,1030.0
120.5,21.800000000000004,1014.0,85.0,0.4,0.0,36.0,2018,6,153,0,7,1,5,-0.8610436117673553,1577.9999999999998,1266.0
123.6,21.800000000000004,1014.0,85.0,0.4,0.0,36.0,2018,6,153,15,7,1,5,-0.8610436117673553,1750.0,1577.9999999999998
130.8,21.800000000000004,1014.0,85.0,0.4,0.0,36.0,2018,6,153,30,7,1,5,-0.8610436117673553,1881.0,1750.0
140.6,21.800000000000004,1014.0,85.0,0.4,0.0,36.0,2018,6,153,45,7,1,5,-0.8610436117673553,2245.0,1881.0
147.5,23.5,1014.0,79.0,0.7,0.24,24.0,2018,6,153,0,8,1,5,-0.8610436117673553,2605.0,2245.0
155.9,23.5,1014.0,79.0,0.7,0.24,24.0,2018,6,153,15,8,1,5,-0.8610436117673553,2912.0,2605.0
162.6,23.5,1014.0,79.0,0.7,0.24,24.0,2018,6,153,30,8,1,5,-0.8610436117673553,3133.0,2912.0
168.1,23.5,1014.0,79.0,0.7,0.24,24.0,2018,6,153,45,8,1,5,-0.8610436117673553,3299.0,3133.0
181.0,25.7,1014.0,77.0,1.5,0.21,18.0,2018,6,153,0,9,1,5,-0.8610436117673553,3401.0,3299.0
189.1,25.7,1014.0,77.0,1.5,0.21,18.0,2018,6,153,15,9,1,5,-0.8610436117673553,3545.0,3401.0
184.5,25.7,1014.0,77.0,1.5,0.21,18.0,2018,6,153,30,9,1,5,-0.8610436117673553,3595.0,3545.0
192.9,25.7,1014.0,77.0,1.5,0.21,18.0,2018,6,153,45,9,1,5,-0.8610436117673553,3669.0,3595.0
192.6,26.2,1014.0,72.0,0.7,0.21,66.0,2018,6,153,0,10,1,5,-0.8610436117673553,3733.0,3669.0
192.7,26.2,1014.0,72.0,0.7,0.21,66.0,2018,6,153,15,10,1,5,-0.8610436117673553,3730.0,3733.0
201.2,26.2,1014.0,72.0,0.7,0.21,66.0,2018,6,153,30,10,1,5,-0.8610436117673553,3824.0,3730.0
205.1,26.2,1014.0,72.0,0.7,0.21,66.0,2018,6,153,45,10,1,5,-0.8610436117673553,3783.0,3824.0
205.3,26.6,1014.0,68.0,1.3,0.23,63.0,2018,6,153,0,11,1,5,-0.8610436117673553,3744.0,3783.0
204.6,26.6,1014.0,68.0,1.3,0.23,63.0,2018,6,153,15,11,1,5,-0.8610436117673553,3117.0000000000005,3744.0
196.2,26.6,1014.0,68.0,1.3,0.23,63.0,2018,6,153,30,11,1,5,-0.8610436117673553,3860.0,3117.0000000000005
190.7,26.6,1014.0,68.0,1.3,0.23,63.0,2018,6,153,45,11,1,5,-0.8610436117673553,2679.9999999999995,3860.0
188.7,27.4,1014.0,67.0,1.9,0.96,73.0,2018,6,153,0,12,1,5,-0.8610436117673553,3995.0,2679.9999999999995
158.7,27.4,1014.0,67.0,1.9,0.96,73.0,2018,6,153,15,12,1,5,-0.8610436117673553,1730.0,3995.0
106.8,27.4,1014.0,67.0,1.9,0.96,73.0,2018,6,153,30,12,1,5,-0.8610436117673553,621.0,1730.0
43.8,27.4,1014.0,67.0,1.9,0.96,73.0,2018,6,153,45,12,1,5,-0.8610436117673553,351.0,621.0
23.7,23.5,1014.0,67.0,2.4,0.41,88.0,2018,6,153,0,13,1,5,-0.8610436117673553,276.0,351.0
20.5,23.5,1014.0,67.0,2.4,0.41,88.0,2018,6,153,15,13,1,5,-0.8610436117673553,379.0,276.0
29.000000000000004,23.5,1014.0,67.0,2.4,0.41,88.0,2018,6,153,30,13,1,5,-0.8610436117673553,592.0,379.0
27.6,23.5,1014.0,67.0,2.4,0.41,88.0,2018,6,153,45,13,1,5,-0.8610436117673553,1631.0,592.0
30.0,24.4,1013.0,76.0,2.1,2.76,68.0,2018,6,153,0,14,1,5,-0.8610436117673553,966.0,1631.0
44.2,24.4,1013.0,76.0,2.1,2.76,68.0,2018,6,153,15,14,1,5,-0.8610436117673553,886.9999999999999,966.0
46.7,24.4,1013.0,76.0,2.1,2.76,68.0,2018,6,153,30,14,1,5,-0.8610436117673553,1026.0,886.9999999999999
59.39999999999999,24.4,1013.0,76.0,2.1,2.76,68.0,2018,6,153,45,14,1,5,-0.8610436117673553,907.0,1026.0
80.1,26.3,1014.0,74.0,2.7,0.0,69.0,2018,6,153,0,15,1,5,-0.8610436117673553,635.0,907.0
86.8,26.3,1014.0,74.0,2.7,0.0,69.0,2018,6,153,15,15,1,5,-0.8610436117673553,510.0,635.0
78.2,26.3,1014.0,74.0,2.7,0.0,69.0,2018,6,153,30,15,1,5,-0.8610436117673553,480.0,510.0
68.3,26.3,1014.0,74.0,2.7,0.0,69.0,2018,6,153,45,15,1,5,-0.8610436117673553,1155.0,480.0
45.3,23.100000000000005,1013.0,73.0,2.6,0.0,43.0,2018,6,153,0,16,1,5,-0.8610436117673553,782.0,1155.0
33.5,23.100000000000005,1013.0,73.0,2.6,0.0,43.0,2018,6,153,15,16,1,5,-0.8610436117673553,692.0,782.0
23.7,23.100000000000005,1013.0,73.0,2.6,0.0,43.0,2018,6,153,30,16,1,5,-0.8610436117673553,400.0,692.0
12.5,23.100000000000005,1013.0,73.0,2.6,0.0,43.0,2018,6,153,45,16,1,5,-0.8610436117673553,507.0,400.0
5.7,22.8,1013.0,74.0,2.3,0.28,54.0,2018,6,153,0,17,1,5,-0.8610436117673553,464.00000000000006,507.0
6.1,22.8,1013.0,74.0,2.3,0.28,54.0,2018,6,153,15,17,1,5,-0.8610436117673553,449.0,464.00000000000006
16.9,22.8,1013.0,74.0,2.3,0.28,54.0,2018,6,153,30,17,1,5,-0.8610436117673553,413.0,449.0
18.0,22.8,1013.0,74.0,2.3,0.28,54.0,2018,6,153,45,17,1,5,-0.8610436117673553,337.0,413.0
14.500000000000002,22.5,1014.0,79.0,1.4,0.0,33.0,2018,6,153,0,18,1,5,-0.8610436117673553,266.0,337.0
11.8,22.5,1014.0,79.0,1.4,0.0,33.0,2018,6,153,15,18,1,5,-0.8610436117673553,187.0,266.0
7.5,22.5,1014.0,79.0,1.4,0.0,33.0,2018,6,153,30,18,1,5,-0.8610436117673553,123.0,187.0
3.5,22.5,1014.0,79.0,1.4,0.0,33.0,2018,6,153,45,18,1,5,-0.8610436117673553,78.0,123.0
0.7,21.000000000000004,1014.0,85.99999999999999,1.4,0.0,19.0,2018,6,153,0,19,1,5,-0.8610436117673553,45.0,78.0
0.0,21.000000000000004,1014.0,85.99999999999999,1.4,0.0,19.0,2018,6,153,15,19,1,5,-0.8610436117673553,14.0,45.0
0.0,21.000000000000004,1014.0,85.99999999999999,1.4,0.0,19.0,2018,6,153,30,19,1,5,-0.8610436117673553,0.0,14.0
0.0,21.000000000000004,1014.0,85.99999999999999,1.4,0.0,19.0,2018,6,153,45,19,1,5,-0.8610436117673553,0.0,0.0
0.0,18.3,1015.0,89.0,1.6,0.0,13.0,2018,6,153,0,20,1,5,-0.8610436117673553,0.0,0.0
0.0,18.3,1015.0,89.0,1.6,0.0,13.0,2018,6,153,15,20,1,5,-0.8610436117673553,0.0,0.0
0.0,18.3,1015.0,89.0,1.6,0.0,13.0,2018,6,153,30,20,1,5,-0.8610436117673553,0.0,0.0
0.0,18.3,1015.0,89.0,1.6,0.0,13.0,2018,6,153,45,20,1,5,-0.8610436117673553,0.0,0.0
0.0,16.999999999999996,1015.0,91.0,1.8,0.0,8.0,2018,6,153,0,21,1,5,-0.8610436117673553,0.0,0.0
0.0,16.999999999999996,1015.0,91.0,1.8,0.0,8.0,2018,6,153,15,21,1,5,-0.8610436117673553,0.0,0.0
0.0,16.999999999999996,1015.0,91.0,1.8,0.0,8.0,2018,6,153,30,21,1,5,-0.8610436117673553,0.0,0.0
0.0,16.999999999999996,1015.0,91.0,1.8,0.0,8.0,2018,6,153,45,21,1,5,-0.8610436117673553,0.0,0.0
0.0,15.900000000000004,1015.0,92.0,1.9,0.0,24.0,2018,6,153,0,22,1,5,-0.8610436117673553,0.0,0.0
0.0,15.900000000000004,1015.0,92.0,1.9,0.0,24.0,2018,6,153,15,22,1,5,-0.8610436117673553,0.0,0.0
0.0,15.900000000000004,1015.0,92.0,1.9,0.0,24.0,2018,6,153,30,22,1,5,-0.8610436117673553,0.0,0.0
0.0,15.900000000000004,1015.0,92.0,1.9,0.0,24.0,2018,6,153,45,22,1,5,-0.8610436117673553,0.0,0.0
0.0,14.499999999999998,1015.0,92.0,1.9,0.0,10.0,2018,6,153,0,23,1,5,-0.8610436117673553,0.0,0.0
0.0,14.499999999999998,1015.0,92.0,1.9,0.0,10.0,2018,6,153,15,23,1,5,-0.8610436117673553,0.0,0.0
0.0,14.499999999999998,1015.0,92.0,1.9,0.0,10.0,2018,6,153,30,23,1,5,-0.8610436117673553,0.0,0.0
0.0,14.499999999999998,1015.0,92.0,1.9,0.0,10.0,2018,6,153,45,23,1,5,-0.8610436117673553,0.0,0.0
0.0,13.5,1015.0,93.0,2.1,0.0,8.0,2018,6,154,0,0,1,6,-0.8610436117673553,0.0,0.0
0.0,13.5,1015.0,93.0,2.1,0.0,8.0,2018,6,154,15,0,1,6,-0.8610436117673553,0.0,0.0
0.0,13.5,1015.0,93.0,2.1,0.0,8.0,2018,6,154,30,0,1,6,-0.8610436117673553,0.0,0.0
0.0,13.5,1015.0,93.0,2.1,0.0,8.0,2018,6,154,45,0,1,6,-0.8610436117673553,0.0,0.0
0.0,12.6,1016.0,94.0,2.2,0.0,5.0,2018,6,154,0,1,1,6,-0.8610436117673553,0.0,0.0
0.0,12.6,1016.0,94.0,2.2,0.0,5.0,2018,6,154,15,1,1,6,-0.8610436117673553,0.0,0.0
0.0,12.6,1016.0,94.0,2.2,0.0,5.0,2018,6,154,30,1,1,6,-0.8610436117673553,0.0,0.0
0.0,12.6,1016.0,94.0,2.2,0.0,5.0,2018,6,154,45,1,1,6,-0.8610436117673553,0.0,0.0
0.0,11.6,1016.0,94.0,1.9,0.0,2.0,2018,6,154,0,2,1,6,-0.8610436117673553,0.0,0.0
0.0,11.6,1016.0,94.0,1.9,0.0,2.0,2018,6,154,15,2,1,6,-0.8610436117673553,0.0,0.0
0.0,11.6,1016.0,94.0,1.9,0.0,2.0,2018,6,154,30,2,1,6,-0.8610436117673553,0.0,0.0
1.7,11.6,1016.0,94.0,1.9,0.0,2.0,2018,6,154,45,2,1,6,-0.8610436117673553,0.0,0.0
5.2,10.8,1016.0,94.0,1.7,0.0,1.0,2018,6,154,0,3,1,6,-0.8610436117673553,27.0,0.0
9.9,10.8,1016.0,94.0,1.7,0.0,1.0,2018,6,154,15,3,1,6,-0.8610436117673553,47.0,27.0
6.5,10.8,1016.0,94.0,1.7,0.0,1.0,2018,6,154,30,3,1,6,-0.8610436117673553,76.0,47.0
17.6,10.8,1016.0,94.0,1.7,0.0,1.0,2018,6,154,45,3,1,6,-0.8610436117673553,109.0,76.0
30.1,12.2,1016.0,91.0,2.6,0.0,1.0,2018,6,154,0,4,1,6,-0.8610436117673553,142.0,109.0
39.2,12.2,1016.0,91.0,2.6,0.0,1.0,2018,6,154,15,4,1,6,-0.8610436117673553,169.0,142.0
48.8,12.2,1016.0,91.0,2.6,0.0,1.0,2018,6,154,30,4,1,6,-0.8610436117673553,188.0,169.0
58.3,12.2,1016.0,91.0,2.6,0.0,1.0,2018,6,154,45,4,1,6,-0.8610436117673553,243.0,188.0
68.0,14.199999999999998,1016.0,85.99999999999999,1.6,0.0,0.0,2018,6,154,0,5,1,6,-0.8610436117673553,293.0,243.0
77.8,14.199999999999998,1016.0,85.99999999999999,1.6,0.0,0.0,2018,6,154,15,5,1,6,-0.8610436117673553,341.0,293.0
87.8,14.199999999999998,1016.0,85.99999999999999,1.6,0.0,0.0,2018,6,154,30,5,1,6,-0.8610436117673553,418.0,341.0
97.8,14.199999999999998,1016.0,85.99999999999999,1.6,0.0,0.0,2018,6,154,45,5,1,6,-0.8610436117673553,460.0,418.0
107.5,17.799999999999997,1016.0,79.0,1.1,0.0,0.0,2018,6,154,0,6,1,6,-0.8610436117673553,553.0,460.0
113.8,17.799999999999997,1016.0,79.0,1.1,0.0,0.0,2018,6,154,15,6,1,6,-0.8610436117673553,703.0,553.0
125.1,17.799999999999997,1016.0,79.0,1.1,0.0,0.0,2018,6,154,30,6,1,6,-0.8610436117673553,1027.0,703.0
136.1,17.799999999999997,1016.0,79.0,1.1,0.0,0.0,2018,6,154,45,6,1,6,-0.8610436117673553,1371.0,1027.0
145.1,19.6,1016.0,72.0,1.6,0.0,0.0,2018,6,154,0,7,1,6,-0.8610436117673553,1693.0,1371.0
153.7,19.6,1016.0,72.0,1.6,0.0,0.0,2018,6,154,15,7,1,6,-0.8610436117673553,1960.0,1693.0
162.0,19.6,1016.0,72.0,1.6,0.0,0.0,2018,6,154,30,7,1,6,-0.8610436117673553,2181.0,1960.0
169.9,19.6,1016.0,72.0,1.6,0.0,0.0,2018,6,154,45,7,1,6,-0.8610436117673553,2471.0,2181.0
177.3,21.1,1017.0,65.0,2.0,0.0,9.0,2018,6,154,0,8,1,6,-0.8610436117673553,2892.0,2471.0
184.2,21.1,1017.0,65.0,2.0,0.0,9.0,2018,6,154,15,8,1,6,-0.8610436117673553,3239.0,2892.0
190.6,21.1,1017.0,65.0,2.0,0.0,9.0,2018,6,154,30,8,1,6,-0.8610436117673553,3430.0,3239.0
196.4,21.1,1017.0,65.0,2.0,0.0,9.0,2018,6,154,45,8,1,6,-0.8610436117673553,3551.0,3430.0
201.6,23.0,1017.0,63.0,2.4,0.0,36.0,2018,6,154,0,9,1,6,-0.8610436117673553,3655.0,3551.0
206.1,23.0,1017.0,63.0,2.4,0.0,36.0,2018,6,154,15,9,1,6,-0.8610436117673553,3542.0,3655.0
209.9,23.0,1017.0,63.0,2.4,0.0,36.0,2018,6,154,30,9,1,6,-0.8610436117673553,3785.0,3542.0
213.2,23.0,1017.0,63.0,2.4,0.0,36.0,2018,6,154,45,9,1,6,-0.8610436117673553,3834.0,3785.0
215.7,24.0,1017.0,62.0,2.5,0.0,19.0,2018,6,154,0,10,1,6,-0.8610436117673553,3894.0,3834.0
217.6,24.0,1017.0,62.0,2.5,0.0,19.0,2018,6,154,15,10,1,6,-0.8610436117673553,3929.0,3894.0
218.8,24.0,1017.0,62.0,2.5,0.0,19.0,2018,6,154,30,10,1,6,-0.8610436117673553,3934.0,3929.0
219.3,24.0,1017.0,62.0,2.5,0.0,19.0,2018,6,154,45,10,1,6,-0.8610436117673553,4029.0,3934.0
219.2,25.1,1017.0,62.0,2.8,0.0,4.0,2018,6,154,0,11,1,6,-0.8610436117673553,4046.0,4029.0
218.3,25.1,1017.0,62.0,2.8,0.0,4.0,2018,6,154,15,11,1,6,-0.8610436117673553,4079.000000000001,4046.0
216.7,25.1,1017.0,62.0,2.8,0.0,4.0,2018,6,154,30,11,1,6,-0.8610436117673553,3920.000000000001,4079.000000000001
214.5,25.1,1017.0,62.0,2.8,0.0,4.0,2018,6,154,45,11,1,6,-0.8610436117673553,3657.0,3920.000000000001
211.6,25.7,1016.0,59.0,3.4,0.0,13.0,2018,6,154,0,12,1,6,-0.8610436117673553,3561.0,3657.0
208.1,25.7,1016.0,59.0,3.4,0.0,13.0,2018,6,154,15,12,1,6,-0.8610436117673553,2689.9999999999995,3561.0
203.9,25.7,1016.0,59.0,3.4,0.0,13.0,2018,6,154,30,12,1,6,-0.8610436117673553,3615.0,2689.9999999999995
199.1,25.7,1016.0,59.0,3.4,0.0,13.0,2018,6,154,45,12,1,6,-0.8610436117673553,3498.0,3615.0
193.7,25.6,1016.0,59.0,3.7,0.0,18.0,2018,6,154,0,13,1,6,-0.8610436117673553,3388.9999999999995,3498.0
187.7,25.6,1016.0,59.0,3.7,0.0,18.0,2018,6,154,15,13,1,6,-0.8610436117673553,3269.0,3388.9999999999995
181.2,25.6,1016.0,59.0,3.7,0.0,18.0,2018,6,154,30,13,1,6,-0.8610436117673553,3113.0,3269.0
173.4,25.6,1016.0,59.0,3.7,0.0,18.0,2018,6,154,45,13,1,6,-0.8610436117673553,2966.0,3113.0
146.2,25.9,1016.0,61.0,3.6,0.0,22.0,2018,6,154,0,14,1,6,-0.8610436117673553,2895.0,2966.0
130.5,25.9,1016.0,61.0,3.6,0.0,22.0,2018,6,154,15,14,1,6,-0.8610436117673553,1455.0,2895.0
124.90000000000002,25.9,1016.0,61.0,3.6,0.0,22.0,2018,6,154,30,14,1,6,-0.8610436117673553,1595.0,1455.0
119.6,25.9,1016.0,61.0,3.6,0.0,22.0,2018,6,154,45,14,1,6,-0.8610436117673553,933.0,1595.0
115.9,25.7,1015.0,63.0,3.6,0.0,18.0,2018,6,154,0,15,1,6,-0.8610436117673553,1926.0,933.0
118.9,25.7,1015.0,63.0,3.6,0.0,18.0,2018,6,154,15,15,1,6,-0.8610436117673553,1768.9999999999998,1926.0
114.0,25.7,1015.0,63.0,3.6,0.0,18.0,2018,6,154,30,15,1,6,-0.8610436117673553,1489.0000000000002,1768.9999999999998
104.4,25.7,1015.0,63.0,3.6,0.0,18.0,2018,6,154,45,15,1,6,-0.8610436117673553,1239.0,1489.0000000000002
94.7,25.0,1015.0,66.0,3.4,0.0,18.0,2018,6,154,0,16,1,6,-0.8610436117673553,1004.0,1239.0
85.0,25.0,1015.0,66.0,3.4,0.0,18.0,2018,6,154,15,16,1,6,-0.8610436117673553,754.0,1004.0
75.3,25.0,1015.0,66.0,3.4,0.0,18.0,2018,6,154,30,16,1,6,-0.8610436117673553,534.0,754.0
65.6,25.0,1015.0,66.0,3.4,0.0,18.0,2018,6,154,45,16,1,6,-0.8610436117673553,356.0,534.0
56.2,24.0,1015.0,71.0,3.2,0.0,10.0,2018,6,154,0,17,1,6,-0.8610436117673553,244.0,356.0
47.0,24.0,1015.0,71.0,3.2,0.0,10.0,2018,6,154,15,17,1,6,-0.8610436117673553,201.00000000000003,244.0
38.1,24.0,1015.0,71.0,3.2,0.0,10.0,2018,6,154,30,17,1,6,-0.8610436117673553,183.0,201.00000000000003
29.7,24.0,1015.0,71.0,3.2,0.0,10.0,2018,6,154,45,17,1,6,-0.8610436117673553,162.0,183.0
21.9,22.399999999999995,1015.0,76.0,2.5,0.0,6.0,2018,6,154,0,18,1,6,-0.8610436117673553,137.0,162.0
14.9,22.399999999999995,1015.0,76.0,2.5,0.0,6.0,2018,6,154,15,18,1,6,-0.8610436117673553,113.0,137.0
8.9,22.399999999999995,1015.0,76.0,2.5,0.0,6.0,2018,6,154,30,18,1,6,-0.8610436117673553,88.0,113.0
4.1,22.399999999999995,1015.0,76.0,2.5,0.0,6.0,2018,6,154,45,18,1,6,-0.8610436117673553,62.0,88.0
0.8999999999999999,19.9,1015.0,85.0,1.9,0.0,5.0,2018,6,154,0,19,1,6,-0.8610436117673553,35.0,62.0
0.0,19.9,1015.0,85.0,1.9,0.0,5.0,2018,6,154,15,19,1,6,-0.8610436117673553,13.0,35.0
0.0,19.9,1015.0,85.0,1.9,0.0,5.0,2018,6,154,30,19,1,6,-0.8610436117673553,0.0,13.0
0.0,19.9,1015.0,85.0,1.9,0.0,5.0,2018,6,154,45,19,1,6,-0.8610436117673553,0.0,0.0
0.0,17.900000000000002,1015.0,94.0,1.7,0.0,3.0,2018,6,154,0,20,1,6,-0.8610436117673553,0.0,0.0
0.0,17.900000000000002,1015.0,94.0,1.7,0.0,3.0,2018,6,154,15,20,1,6,-0.8610436117673553,0.0,0.0
0.0,17.900000000000002,1015.0,94.0,1.7,0.0,3.0,2018,6,154,30,20,1,6,-0.8610436117673553,0.0,0.0
0.0,17.900000000000002,1015.0,94.0,1.7,0.0,3.0,2018,6,154,45,20,1,6,-0.8610436117673553,0.0,0.0
0.0,16.799999999999997,1015.0,97.0,1.8,0.0,5.0,2018,6,154,0,21,1,6,-0.8610436117673553,0.0,0.0
0.0,16.799999999999997,1015.0,97.0,1.8,0.0,5.0,2018,6,154,15,21,1,6,-0.8610436117673553,0.0,0.0
0.0,16.799999999999997,1015.0,97.0,1.8,0.0,5.0,2018,6,154,30,21,1,6,-0.8610436117673553,0.0,0.0
0.0,16.799999999999997,1015.0,97.0,1.8,0.0,5.0,2018,6,154,45,21,1,6,-0.8610436117673553,0.0,0.0
0.0,15.499999999999998,1015.0,98.0,2.4,0.0,4.0,2018,6,154,0,22,1,6,-0.8610436117673553,0.0,0.0
0.0,15.499999999999998,1015.0,98.0,2.4,0.0,4.0,2018,6,154,15,22,1,6,-0.8610436117673553,0.0,0.0
0.0,15.499999999999998,1015.0,98.0,2.4,0.0,4.0,2018,6,154,30,22,1,6,-0.8610436117673553,0.0,0.0
0.0,15.499999999999998,1015.0,98.0,2.4,0.0,4.0,2018,6,154,45,22,1,6,-0.8610436117673553,0.0,0.0
0.0,14.600000000000003,1014.0,99.0,2.6,0.0,10.0,2018,6,154,0,23,1,6,-0.8610436117673553,0.0,0.0
0.0,14.600000000000003,1014.0,99.0,2.6,0.0,10.0,2018,6,154,15,23,1,6,-0.8610436117673553,0.0,0.0
0.0,14.600000000000003,1014.0,99.0,2.6,0.0,10.0,2018,6,154,30,23,1,6,-0.8610436117673553,0.0,0.0
0.0,14.600000000000003,1014.0,99.0,2.6,0.0,10.0,2018,6,154,45,23,1,6,-0.8610436117673553,0.0,0.0
0.0,14.199999999999998,1014.0,99.0,2.3,0.0,6.0,2018,6,155,0,0,1,0,-0.9151456172430182,0.0,0.0
0.0,14.199999999999998,1014.0,99.0,2.3,0.0,6.0,2018,6,155,15,0,1,0,-0.9151456172430182,0.0,0.0
0.0,14.199999999999998,1014.0,99.0,2.3,0.0,6.0,2018,6,155,30,0,1,0,-0.9151456172430182,0.0,0.0
0.0,14.199999999999998,1014.0,99.0,2.3,0.0,6.0,2018,6,155,45,0,1,0,-0.9151456172430182,0.0,0.0
0.0,13.699999999999998,1014.0,99.0,2.2,0.0,15.0,2018,6,155,0,1,1,0,-0.9151456172430182,0.0,0.0
0.0,13.699999999999998,1014.0,99.0,2.2,0.0,15.0,2018,6,155,15,1,1,0,-0.9151456172430182,0.0,0.0
0.0,13.699999999999998,1014.0,99.0,2.2,0.0,15.0,2018,6,155,30,1,1,0,-0.9151456172430182,0.0,0.0
0.0,13.699999999999998,1014.0,99.0,2.2,0.0,15.0,2018,6,155,45,1,1,0,-0.9151456172430182,0.0,0.0
0.0,13.400000000000002,1014.0,99.0,2.5,0.0,24.0,2018,6,155,0,2,1,0,-0.9151456172430182,0.0,0.0
0.0,13.400000000000002,1014.0,99.0,2.5,0.0,24.0,2018,6,155,15,2,1,0,-0.9151456172430182,0.0,0.0
0.1,13.400000000000002,1014.0,99.0,2.5,0.0,24.0,2018,6,155,30,2,1,0,-0.9151456172430182,0.0,0.0
1.7999999999999998,13.400000000000002,1014.0,99.0,2.5,0.0,24.0,2018,6,155,45,2,1,0,-0.9151456172430182,0.0,0.0
5.2,14.0,1013.0,99.0,2.6,0.0,47.0,2018,6,155,0,3,1,0,-0.9151456172430182,0.0,0.0
9.6,14.0,1013.0,99.0,2.6,0.0,47.0,2018,6,155,15,3,1,0,-0.9151456172430182,31.0,0.0
5.9,14.0,1013.0,99.0,2.6,0.0,47.0,2018,6,155,30,3,1,0,-0.9151456172430182,68.0,31.0
6.0,14.0,1013.0,99.0,2.6,0.0,47.0,2018,6,155,45,3,1,0,-0.9151456172430182,117.0,68.0
15.1,15.3,1013.0,98.0,2.8,0.0,67.0,2018,6,155,0,4,1,0,-0.9151456172430182,160.0,117.0
18.3,15.3,1013.0,98.0,2.8,0.0,67.0,2018,6,155,15,4,1,0,-0.9151456172430182,215.0,160.0
21.8,15.3,1013.0,98.0,2.8,0.0,67.0,2018,6,155,30,4,1,0,-0.9151456172430182,297.0,215.0
31.600000000000005,15.3,1013.0,98.0,2.8,0.0,67.0,2018,6,155,45,4,1,0,-0.9151456172430182,360.0,297.0
43.4,16.3,1013.0,94.0,3.4,0.0,65.0,2018,6,155,0,5,1,0,-0.9151456172430182,416.0,360.0
40.2,16.3,1013.0,94.0,3.4,0.0,65.0,2018,6,155,15,5,1,0,-0.9151456172430182,519.0,416.0
40.5,16.3,1013.0,94.0,3.4,0.0,65.0,2018,6,155,30,5,1,0,-0.9151456172430182,609.0,519.0
39.0,16.3,1013.0,94.0,3.4,0.0,65.0,2018,6,155,45,5,1,0,-0.9151456172430182,700.0,609.0
54.7,17.900000000000002,1013.0,87.0,3.3,0.0,72.0,2018,6,155,0,6,1,0,-0.9151456172430182,534.0,700.0
53.1,17.900000000000002,1013.0,87.0,3.3,0.0,72.0,2018,6,155,15,6,1,0,-0.9151456172430182,788.9999999999999,534.0
48.7,17.900000000000002,1013.0,87.0,3.3,0.0,72.0,2018,6,155,30,6,1,0,-0.9151456172430182,747.0000000000001,788.9999999999999
58.00000000000001,17.900000000000002,1013.0,87.0,3.3,0.0,72.0,2018,6,155,45,6,1,0,-0.9151456172430182,513.0,747.0000000000001
56.4,19.0,1013.0,82.0,3.6,0.0,60.0,2018,6,155,0,7,1,0,-0.9151456172430182,810.0,513.0
85.3,19.0,1013.0,82.0,3.6,0.0,60.0,2018,6,155,15,7,1,0,-0.9151456172430182,1086.0,810.0
103.8,19.0,1013.0,82.0,3.6,0.0,60.0,2018,6,155,30,7,1,0,-0.9151456172430182,726.0,1086.0
88.5,19.0,1013.0,82.0,3.6,0.0,60.0,2018,6,155,45,7,1,0,-0.9151456172430182,1629.9999999999998,726.0
95.2,19.9,1012.0,78.0,4.1,0.0,68.0,2018,6,155,0,8,1,0,-0.9151456172430182,1485.0,1629.9999999999998
99.6,19.9,1012.0,78.0,4.1,0.0,68.0,2018,6,155,15,8,1,0,-0.9151456172430182,1186.0,1485.0
105.8,19.9,1012.0,78.0,4.1,0.0,68.0,2018,6,155,30,8,1,0,-0.9151456172430182,3158.0,1186.0
119.1,19.9,1012.0,78.0,4.1,0.0,68.0,2018,6,155,45,8,1,0,-0.9151456172430182,3344.0,3158.0
125.29999999999998,20.500000000000004,1012.0,71.0,4.6,0.0,87.0,2018,6,155,0,9,1,0,-0.9151456172430182,1471.0,3344.0
122.5,20.500000000000004,1012.0,71.0,4.6,0.0,87.0,2018,6,155,15,9,1,0,-0.9151456172430182,2659.0,1471.0
136.7,20.500000000000004,1012.0,71.0,4.6,0.0,87.0,2018,6,155,30,9,1,0,-0.9151456172430182,2748.0,2659.0
142.1,20.500000000000004,1012.0,71.0,4.6,0.0,87.0,2018,6,155,45,9,1,0,-0.9151456172430182,1794.0000000000002,2748.0
187.6,21.899999999999995,1012.0,69.0,4.9,0.0,75.0,2018,6,155,0,10,1,0,-0.9151456172430182,3689.0,1794.0000000000002
164.8,21.899999999999995,1012.0,69.0,4.9,0.0,75.0,2018,6,155,15,10,1,0,-0.9151456172430182,2672.0,3689.0
152.0,21.899999999999995,1012.0,69.0,4.9,0.0,75.0,2018,6,155,30,10,1,0,-0.9151456172430182,3252.0,2672.0
195.7,21.899999999999995,1012.0,69.0,4.9,0.0,75.0,2018,6,155,45,10,1,0,-0.9151456172430182,4064.000000000001,3252.0
197.4,22.600000000000005,1012.0,65.0,5.2,0.0,76.0,2018,6,155,0,11,1,0,-0.9151456172430182,4046.0,4064.000000000001
185.0,22.600000000000005,1012.0,65.0,5.2,0.0,76.0,2018,6,155,15,11,1,0,-0.9151456172430182,2726.0,4046.0
185.4,22.600000000000005,1012.0,65.0,5.2,0.0,76.0,2018,6,155,30,11,1,0,-0.9151456172430182,2041.0,2726.0
184.6,22.600000000000005,1012.0,65.0,5.2,0.0,76.0,2018,6,155,45,11,1,0,-0.9151456172430182,2778.9999999999995,2041.0
186.2,22.8,1011.0,63.0,5.3,0.0,55.0,2018,6,155,0,12,1,0,-0.9151456172430182,2865.0,2778.9999999999995
179.9,22.8,1011.0,63.0,5.3,0.0,55.0,2018,6,155,15,12,1,0,-0.9151456172430182,3371.0,2865.0
174.4,22.8,1011.0,63.0,5.3,0.0,55.0,2018,6,155,30,12,1,0,-0.9151456172430182,3653.0,3371.0
187.1,22.8,1011.0,63.0,5.3,0.0,55.0,2018,6,155,45,12,1,0,-0.9151456172430182,3762.0,3653.0
174.5,23.3,1011.0,60.0,5.0,0.0,13.0,2018,6,155,0,13,1,0,-0.9151456172430182,2485.0,3762.0
176.6,23.3,1011.0,60.0,5.0,0.0,13.0,2018,6,155,15,13,1,0,-0.9151456172430182,2780.0,2485.0
154.6,23.3,1011.0,60.0,5.0,0.0,13.0,2018,6,155,30,13,1,0,-0.9151456172430182,3497.0,2780.0
160.8,23.3,1011.0,60.0,5.0,0.0,13.0,2018,6,155,45,13,1,0,-0.9151456172430182,2655.0,3497.0
163.9,23.399999999999995,1010.0,59.0,4.8,0.0,6.0,2018,6,155,0,14,1,0,-0.9151456172430182,2084.0,2655.0
156.1,23.399999999999995,1010.0,59.0,4.8,0.0,6.0,2018,6,155,15,14,1,0,-0.9151456172430182,2169.0,2084.0
147.9,23.399999999999995,1010.0,59.0,4.8,0.0,6.0,2018,6,155,30,14,1,0,-0.9151456172430182,2495.0,2169.0
139.3,23.399999999999995,1010.0,59.0,4.8,0.0,6.0,2018,6,155,45,14,1,0,-0.9151456172430182,2198.0,2495.0
130.4,22.899999999999995,1009.0,58.00000000000001,4.8,0.0,3.0,2018,6,155,0,15,1,0,-0.9151456172430182,1724.0,2198.0
121.3,22.899999999999995,1009.0,58.00000000000001,4.8,0.0,3.0,2018,6,155,15,15,1,0,-0.9151456172430182,1641.0,1724.0
112.0,22.899999999999995,1009.0,58.00000000000001,4.8,0.0,3.0,2018,6,155,30,15,1,0,-0.9151456172430182,1457.0,1641.0
102.5,22.899999999999995,1009.0,58.00000000000001,4.8,0.0,3.0,2018,6,155,45,15,1,0,-0.9151456172430182,1192.0,1457.0
93.0,22.600000000000005,1009.0,60.0,4.6,0.0,3.0,2018,6,155,0,16,1,0,-0.9151456172430182,1015.0,1192.0
83.3,22.600000000000005,1009.0,60.0,4.6,0.0,3.0,2018,6,155,15,16,1,0,-0.9151456172430182,767.0,1015.0
73.7,22.600000000000005,1009.0,60.0,4.6,0.0,3.0,2018,6,155,30,16,1,0,-0.9151456172430182,571.0,767.0
64.3,22.600000000000005,1009.0,60.0,4.6,0.0,3.0,2018,6,155,45,16,1,0,-0.9151456172430182,418.0,571.0
54.9,21.6,1009.0,64.0,4.2,0.0,5.0,2018,6,155,0,17,1,0,-0.9151456172430182,308.0,418.0
45.9,21.6,1009.0,64.0,4.2,0.0,5.0,2018,6,155,15,17,1,0,-0.9151456172430182,254.00000000000003,308.0
37.2,21.6,1009.0,64.0,4.2,0.0,5.0,2018,6,155,30,17,1,0,-0.9151456172430182,218.0,254.00000000000003
29.000000000000004,21.6,1009.0,64.0,4.2,0.0,5.0,2018,6,155,45,17,1,0,-0.9151456172430182,181.0,218.0
21.4,20.3,1009.0,70.0,3.2,0.0,4.0,2018,6,155,0,18,1,0,-0.9151456172430182,148.0,181.0
14.6,20.3,1009.0,70.0,3.2,0.0,4.0,2018,6,155,15,18,1,0,-0.9151456172430182,119.0,148.0
8.8,20.3,1009.0,70.0,3.2,0.0,4.0,2018,6,155,30,18,1,0,-0.9151456172430182,90.0,119.0
4.2,20.3,1009.0,70.0,3.2,0.0,4.0,2018,6,155,45,18,1,0,-0.9151456172430182,64.0,90.0
1.0,18.9,1009.0,80.99999999999999,2.2,0.0,3.0,2018,6,155,0,19,1,0,-0.9151456172430182,37.0,64.0
0.0,18.9,1009.0,80.99999999999999,2.2,0.0,3.0,2018,6,155,15,19,1,0,-0.9151456172430182,13.0,37.0
0.0,18.9,1009.0,80.99999999999999,2.2,0.0,3.0,2018,6,155,30,19,1,0,-0.9151456172430182,0.0,13.0
0.0,18.9,1009.0,80.99999999999999,2.2,0.0,3.0,2018,6,155,45,19,1,0,-0.9151456172430182,0.0,0.0
0.0,16.4,1009.0,90.0,2.0,0.0,3.0,2018,6,155,0,20,1,0,-0.9151456172430182,0.0,0.0
0.0,16.4,1009.0,90.0,2.0,0.0,3.0,2018,6,155,15,20,1,0,-0.9151456172430182,0.0,0.0
0.0,16.4,1009.0,90.0,2.0,0.0,3.0,2018,6,155,30,20,1,0,-0.9151456172430182,0.0,0.0
0.0,16.4,1009.0,90.0,2.0,0.0,3.0,2018,6,155,45,20,1,0,-0.9151456172430182,0.0,0.0
0.0,15.900000000000004,1009.0,95.0,2.1,0.0,3.0,2018,6,155,0,21,1,0,-0.9151456172430182,0.0,0.0
0.0,15.900000000000004,1009.0,95.0,2.1,0.0,3.0,2018,6,155,15,21,1,0,-0.9151456172430182,0.0,0.0
0.0,15.900000000000004,1009.0,95.0,2.1,0.0,3.0,2018,6,155,30,21,1,0,-0.9151456172430182,0.0,0.0
0.0,15.900000000000004,1009.0,95.0,2.1,0.0,3.0,2018,6,155,45,21,1,0,-0.9151456172430182,0.0,0.0
0.0,14.600000000000003,1010.0,93.0,2.0,0.0,8.0,2018,6,155,0,22,1,0,-0.9151456172430182,0.0,0.0
0.0,14.600000000000003,1010.0,93.0,2.0,0.0,8.0,2018,6,155,15,22,1,0,-0.9151456172430182,0.0,0.0
0.0,14.600000000000003,1010.0,93.0,2.0,0.0,8.0,2018,6,155,30,22,1,0,-0.9151456172430182,0.0,0.0
0.0,14.600000000000003,1010.0,93.0,2.0,0.0,8.0,2018,6,155,45,22,1,0,-0.9151456172430182,0.0,0.0
0.0,14.600000000000003,1010.0,93.0,2.6,0.0,32.0,2018,6,155,0,23,1,0,-0.9151456172430182,0.0,0.0
0.0,14.600000000000003,1010.0,93.0,2.6,0.0,32.0,2018,6,155,15,23,1,0,-0.9151456172430182,0.0,0.0
0.0,14.600000000000003,1010.0,93.0,2.6,0.0,32.0,2018,6,155,30,23,1,0,-0.9151456172430182,0.0,0.0
0.0,14.600000000000003,1010.0,93.0,2.6,0.0,32.0,2018,6,155,45,23,1,0,-0.9151456172430182,0.0,0.0
0.0,14.499999999999998,1010.0,93.0,3.0,0.0,65.0,2018,6,156,0,0,1,1,-0.9151456172430182,0.0,0.0
0.0,14.499999999999998,1010.0,93.0,3.0,0.0,65.0,2018,6,156,15,0,1,1,-0.9151456172430182,0.0,0.0
0.0,14.499999999999998,1010.0,93.0,3.0,0.0,65.0,2018,6,156,30,0,1,1,-0.9151456172430182,0.0,0.0
0.0,14.499999999999998,1010.0,93.0,3.0,0.0,65.0,2018,6,156,45,0,1,1,-0.9151456172430182,0.0,0.0
0.0,14.099999999999998,1010.0,94.0,3.3,0.0,98.0,2018,6,156,0,1,1,1,-0.9151456172430182,0.0,0.0
0.0,14.099999999999998,1010.0,94.0,3.3,0.0,98.0,2018,6,156,15,1,1,1,-0.9151456172430182,0.0,0.0
0.0,14.099999999999998,1010.0,94.0,3.3,0.0,98.0,2018,6,156,30,1,1,1,-0.9151456172430182,0.0,0.0
0.0,14.099999999999998,1010.0,94.0,3.3,0.0,98.0,2018,6,156,45,1,1,1,-0.9151456172430182,0.0,0.0
0.0,13.6,1010.0,94.0,3.7,0.0,99.0,2018,6,156,0,2,1,1,-0.9151456172430182,0.0,0.0
0.0,13.6,1010.0,94.0,3.7,0.0,99.0,2018,6,156,15,2,1,1,-0.9151456172430182,0.0,0.0
0.1,13.6,1010.0,94.0,3.7,0.0,99.0,2018,6,156,30,2,1,1,-0.9151456172430182,0.0,0.0
1.9,13.6,1010.0,94.0,3.7,0.0,99.0,2018,6,156,45,2,1,1,-0.9151456172430182,0.0,0.0
5.3,14.4,1009.0,95.0,3.9,0.0,98.0,2018,6,156,0,3,1,1,-0.9151456172430182,0.0,0.0
9.8,14.4,1009.0,95.0,3.9,0.0,98.0,2018,6,156,15,3,1,1,-0.9151456172430182,20.0,0.0
6.0,14.4,1009.0,95.0,3.9,0.0,98.0,2018,6,156,30,3,1,1,-0.9151456172430182,47.0,20.0
4.6,14.4,1009.0,95.0,3.9,0.0,98.0,2018,6,156,45,3,1,1,-0.9151456172430182,63.0,47.0
11.7,15.199999999999996,1009.0,94.0,4.1,0.0,100.0,2018,6,156,0,4,1,1,-0.9151456172430182,131.0,63.0
13.1,15.199999999999996,1009.0,94.0,4.1,0.0,100.0,2018,6,156,15,4,1,1,-0.9151456172430182,154.0,131.0
15.199999999999998,15.199999999999996,1009.0,94.0,4.1,0.0,100.0,2018,6,156,30,4,1,1,-0.9151456172430182,173.99999999999997,154.0
19.4,15.199999999999996,1009.0,94.0,4.1,0.0,100.0,2018,6,156,45,4,1,1,-0.9151456172430182,237.0,173.99999999999997
23.8,15.499999999999998,1010.0,92.0,5.0,0.0,100.0,2018,6,156,0,5,1,1,-0.9151456172430182,341.0,237.0
13.0,15.499999999999998,1010.0,92.0,5.0,0.0,100.0,2018,6,156,15,5,1,1,-0.9151456172430182,372.0,341.0
8.0,15.499999999999998,1010.0,92.0,5.0,0.0,100.0,2018,6,156,30,5,1,1,-0.9151456172430182,378.0,372.0
13.0,15.499999999999998,1010.0,92.0,5.0,0.0,100.0,2018,6,156,45,5,1,1,-0.9151456172430182,385.0,378.0
19.3,16.7,1011.0,88.0,4.7,0.0,100.0,2018,6,156,0,6,1,1,-0.9151456172430182,366.0,385.0
24.1,16.7,1011.0,88.0,4.7,0.0,100.0,2018,6,156,15,6,1,1,-0.9151456172430182,379.0,366.0
26.4,16.7,1011.0,88.0,4.7,0.0,100.0,2018,6,156,30,6,1,1,-0.9151456172430182,389.00000000000006,379.0
26.7,16.7,1011.0,88.0,4.7,0.0,100.0,2018,6,156,45,6,1,1,-0.9151456172430182,480.0,389.00000000000006
35.6,17.2,1011.0,85.0,4.6,0.0,100.0,2018,6,156,0,7,1,1,-0.9151456172430182,528.0,480.0
42.5,17.2,1011.0,85.0,4.6,0.0,100.0,2018,6,156,15,7,1,1,-0.9151456172430182,730.0,528.0
40.6,17.2,1011.0,85.0,4.6,0.0,100.0,2018,6,156,30,7,1,1,-0.9151456172430182,705.9999999999999,730.0
20.6,17.2,1011.0,85.0,4.6,0.0,100.0,2018,6,156,45,7,1,1,-0.9151456172430182,548.0,705.9999999999999
12.1,17.799999999999997,1011.0,83.0,4.3,0.0,99.0,2018,6,156,0,8,1,1,-0.9151456172430182,653.0,548.0
12.5,17.799999999999997,1011.0,83.0,4.3,0.0,99.0,2018,6,156,15,8,1,1,-0.9151456172430182,445.0,653.0
12.8,17.799999999999997,1011.0,83.0,4.3,0.0,99.0,2018,6,156,30,8,1,1,-0.9151456172430182,388.0,445.0
13.1,17.799999999999997,1011.0,83.0,4.3,0.0,99.0,2018,6,156,45,8,1,1,-0.9151456172430182,493.0,388.0
13.3,17.900000000000002,1011.0,80.99999999999999,4.2,0.12,83.0,2018,6,156,0,9,1,1,-0.9151456172430182,619.0,493.0
13.7,17.900000000000002,1011.0,80.99999999999999,4.2,0.12,83.0,2018,6,156,15,9,1,1,-0.9151456172430182,467.0,619.0
18.8,17.900000000000002,1011.0,80.99999999999999,4.2,0.12,83.0,2018,6,156,30,9,1,1,-0.9151456172430182,429.0,467.0
31.1,17.900000000000002,1011.0,80.99999999999999,4.2,0.12,83.0,2018,6,156,45,9,1,1,-0.9151456172430182,731.0,429.0
67.7,19.500000000000004,1012.0,79.0,4.3,0.13,83.0,2018,6,156,0,10,1,1,-0.9151456172430182,683.0,731.0
97.6,19.500000000000004,1012.0,79.0,4.3,0.13,83.0,2018,6,156,15,10,1,1,-0.9151456172430182,2115.0,683.0
127.1,19.500000000000004,1012.0,79.0,4.3,0.13,83.0,2018,6,156,30,10,1,1,-0.9151456172430182,3261.0,2115.0
178.0,19.500000000000004,1012.0,79.0,4.3,0.13,83.0,2018,6,156,45,10,1,1,-0.9151456172430182,3691.0,3261.0
200.0,21.6,1012.0,71.0,4.7,0.0,71.0,2018,6,156,0,11,1,1,-0.9151456172430182,4122.0,3691.0
215.2,21.6,1012.0,71.0,4.7,0.0,71.0,2018,6,156,15,11,1,1,-0.9151456172430182,3910.0,4122.0
220.6,21.6,1012.0,71.0,4.7,0.0,71.0,2018,6,156,30,11,1,1,-0.9151456172430182,3891.0,3910.0
218.8,21.6,1012.0,71.0,4.7,0.0,71.0,2018,6,156,45,11,1,1,-0.9151456172430182,3886.0,3891.0
216.2,21.899999999999995,1012.0,63.0,4.7,0.0,68.0,2018,6,156,0,12,1,1,-0.9151456172430182,3786.0,3886.0
212.9,21.899999999999995,1012.0,63.0,4.7,0.0,68.0,2018,6,156,15,12,1,1,-0.9151456172430182,3692.000000000001,3786.0
209.0,21.899999999999995,1012.0,63.0,4.7,0.0,68.0,2018,6,156,30,12,1,1,-0.9151456172430182,3687.000000000001,3692.000000000001
204.5,21.899999999999995,1012.0,63.0,4.7,0.0,68.0,2018,6,156,45,12,1,1,-0.9151456172430182,3567.0,3687.000000000001
199.3,21.5,1012.0,57.0,5.0,0.0,60.0,2018,6,156,0,13,1,1,-0.9151456172430182,3464.0000000000005,3567.0
193.6,21.5,1012.0,57.0,5.0,0.0,60.0,2018,6,156,15,13,1,1,-0.9151456172430182,3418.0,3464.0000000000005
187.3,21.5,1012.0,57.0,5.0,0.0,60.0,2018,6,156,30,13,1,1,-0.9151456172430182,3301.0,3418.0
180.5,21.5,1012.0,57.0,5.0,0.0,60.0,2018,6,156,45,13,1,1,-0.9151456172430182,3137.0,3301.0
173.3,20.9,1013.0,54.0,5.4,0.0,50.0,2018,6,156,0,14,1,1,-0.9151456172430182,2965.0,3137.0
165.5,20.9,1013.0,54.0,5.4,0.0,50.0,2018,6,156,15,14,1,1,-0.9151456172430182,2813.9999999999995,2965.0
157.4,20.9,1013.0,54.0,5.4,0.0,50.0,2018,6,156,30,14,1,1,-0.9151456172430182,2582.0,2813.9999999999995
148.9,20.9,1013.0,54.0,5.4,0.0,50.0,2018,6,156,45,14,1,1,-0.9151456172430182,2362.0,2582.0
140.0,20.2,1013.0,52.0,5.5,0.0,43.0,2018,6,156,0,15,1,1,-0.9151456172430182,2110.0,2362.0
130.7,20.2,1013.0,52.0,5.5,0.0,43.0,2018,6,156,15,15,1,1,-0.9151456172430182,1891.0,2110.0
121.0,20.2,1013.0,52.0,5.5,0.0,43.0,2018,6,156,30,15,1,1,-0.9151456172430182,1602.0,1891.0
104.3,20.2,1013.0,52.0,5.5,0.0,43.0,2018,6,156,45,15,1,1,-0.9151456172430182,1314.0,1602.0
98.6,19.3,1013.0,52.0,5.5,0.0,30.0,2018,6,156,0,16,1,1,-0.9151456172430182,1038.0,1314.0
91.7,19.3,1013.0,52.0,5.5,0.0,30.0,2018,6,156,15,16,1,1,-0.9151456172430182,798.0,1038.0
77.1,19.3,1013.0,52.0,5.5,0.0,30.0,2018,6,156,30,16,1,1,-0.9151456172430182,429.0,798.0
68.5,19.3,1013.0,52.0,5.5,0.0,30.0,2018,6,156,45,16,1,1,-0.9151456172430182,352.0,429.0
61.6,18.200000000000003,1014.0,53.00000000000001,5.2,0.0,29.0,2018,6,156,0,17,1,1,-0.9151456172430182,221.0,352.0
50.7,18.200000000000003,1014.0,53.00000000000001,5.2,0.0,29.0,2018,6,156,15,17,1,1,-0.9151456172430182,178.0,221.0
42.7,18.200000000000003,1014.0,53.00000000000001,5.2,0.0,29.0,2018,6,156,30,17,1,1,-0.9151456172430182,164.0,178.0
34.6,18.200000000000003,1014.0,53.00000000000001,5.2,0.0,29.0,2018,6,156,45,17,1,1,-0.9151456172430182,146.0,164.0
26.2,16.4,1014.0,59.0,4.4,0.0,8.0,2018,6,156,0,18,1,1,-0.9151456172430182,125.0,146.0
18.3,16.4,1014.0,59.0,4.4,0.0,8.0,2018,6,156,15,18,1,1,-0.9151456172430182,104.0,125.0
11.3,16.4,1014.0,59.0,4.4,0.0,8.0,2018,6,156,30,18,1,1,-0.9151456172430182,90.0,104.0
5.5,16.4,1014.0,59.0,4.4,0.0,8.0,2018,6,156,45,18,1,1,-0.9151456172430182,72.0,90.0
1.4,14.999999999999998,1015.0,64.0,4.2,0.0,2.0,2018,6,156,0,19,1,1,-0.9151456172430182,48.00000000000001,72.0
0.0,14.999999999999998,1015.0,64.0,4.2,0.0,2.0,2018,6,156,15,19,1,1,-0.9151456172430182,25.0,48.00000000000001
0.0,14.999999999999998,1015.0,64.0,4.2,0.0,2.0,2018,6,156,30,19,1,1,-0.9151456172430182,0.0,25.0
0.0,14.999999999999998,1015.0,64.0,4.2,0.0,2.0,2018,6,156,45,19,1,1,-0.9151456172430182,0.0,0.0
0.0,13.199999999999998,1016.0,70.0,4.3,0.0,0.0,2018,6,156,0,20,1,1,-0.9151456172430182,0.0,0.0
0.0,13.199999999999998,1016.0,70.0,4.3,0.0,0.0,2018,6,156,15,20,1,1,-0.9151456172430182,0.0,0.0
0.0,13.199999999999998,1016.0,70.0,4.3,0.0,0.0,2018,6,156,30,20,1,1,-0.9151456172430182,0.0,0.0
0.0,13.199999999999998,1016.0,70.0,4.3,0.0,0.0,2018,6,156,45,20,1,1,-0.9151456172430182,0.0,0.0
0.0,12.900000000000002,1016.0,72.0,4.1,0.0,0.0,2018,6,156,0,21,1,1,-0.9151456172430182,0.0,0.0
0.0,12.900000000000002,1016.0,72.0,4.1,0.0,0.0,2018,6,156,15,21,1,1,-0.9151456172430182,0.0,0.0
0.0,12.900000000000002,1016.0,72.0,4.1,0.0,0.0,2018,6,156,30,21,1,1,-0.9151456172430182,0.0,0.0
0.0,12.900000000000002,1016.0,72.0,4.1,0.0,0.0,2018,6,156,45,21,1,1,-0.9151456172430182,0.0,0.0
0.0,10.8,1017.0,74.0,4.1,0.0,0.0,2018,6,156,0,22,1,1,-0.9151456172430182,0.0,0.0
0.0,10.8,1017.0,74.0,4.1,0.0,0.0,2018,6,156,15,22,1,1,-0.9151456172430182,0.0,0.0
0.0,10.8,1017.0,74.0,4.1,0.0,0.0,2018,6,156,30,22,1,1,-0.9151456172430182,0.0,0.0
0.0,10.8,1017.0,74.0,4.1,0.0,0.0,2018,6,156,45,22,1,1,-0.9151456172430182,0.0,0.0
0.0,9.8,1018.0,76.0,4.1,0.0,1.0,2018,6,156,0,23,1,1,-0.9151456172430182,0.0,0.0
0.0,9.8,1018.0,76.0,4.1,0.0,1.0,2018,6,156,15,23,1,1,-0.9151456172430182,0.0,0.0
0.0,9.8,1018.0,76.0,4.1,0.0,1.0,2018,6,156,30,23,1,1,-0.9151456172430182,0.0,0.0
0.0,9.8,1018.0,76.0,4.1,0.0,1.0,2018,6,156,45,23,1,1,-0.9151456172430182,0.0,0.0
0.0,9.199999999999998,1018.0,78.0,4.2,0.0,0.0,2018,6,157,0,0,1,2,-0.9151456172430182,0.0,0.0
0.0,9.199999999999998,1018.0,78.0,4.2,0.0,0.0,2018,6,157,15,0,1,2,-0.9151456172430182,0.0,0.0
0.0,9.199999999999998,1018.0,78.0,4.2,0.0,0.0,2018,6,157,30,0,1,2,-0.9151456172430182,0.0,0.0
0.0,9.199999999999998,1018.0,78.0,4.2,0.0,0.0,2018,6,157,45,0,1,2,-0.9151456172430182,0.0,0.0
0.0,9.0,1019.0,79.0,4.2,0.0,0.0,2018,6,157,0,1,1,2,-0.9151456172430182,0.0,0.0
0.0,9.0,1019.0,79.0,4.2,0.0,0.0,2018,6,157,15,1,1,2,-0.9151456172430182,0.0,0.0
0.0,9.0,1019.0,79.0,4.2,0.0,0.0,2018,6,157,30,1,1,2,-0.9151456172430182,0.0,0.0
0.0,9.0,1019.0,79.0,4.2,0.0,0.0,2018,6,157,45,1,1,2,-0.9151456172430182,0.0,0.0
0.0,8.699999999999998,1019.0,78.0,4.3,0.0,4.0,2018,6,157,0,2,1,2,-0.9151456172430182,0.0,0.0
0.0,8.699999999999998,1019.0,78.0,4.3,0.0,4.0,2018,6,157,15,2,1,2,-0.9151456172430182,0.0,0.0
0.1,8.699999999999998,1019.0,78.0,4.3,0.0,4.0,2018,6,157,30,2,1,2,-0.9151456172430182,0.0,0.0
2.7,8.699999999999998,1019.0,78.0,4.3,0.0,4.0,2018,6,157,45,2,1,2,-0.9151456172430182,0.0,0.0
7.599999999999999,8.800000000000002,1020.0,75.0,4.1,0.0,0.0,2018,6,157,0,3,1,2,-0.9151456172430182,12.000000000000002,0.0
14.1,8.800000000000002,1020.0,75.0,4.1,0.0,0.0,2018,6,157,15,3,1,2,-0.9151456172430182,38.0,12.000000000000002
21.5,8.800000000000002,1020.0,75.0,4.1,0.0,0.0,2018,6,157,30,3,1,2,-0.9151456172430182,60.0,38.0
29.7,8.800000000000002,1020.0,75.0,4.1,0.0,0.0,2018,6,157,45,3,1,2,-0.9151456172430182,86.0,60.0
38.5,9.599999999999998,1020.0,72.0,4.1,0.0,0.0,2018,6,157,0,4,1,2,-0.9151456172430182,110.0,86.0
47.6,9.599999999999998,1020.0,72.0,4.1,0.0,0.0,2018,6,157,15,4,1,2,-0.9151456172430182,127.0,110.0
56.9,9.599999999999998,1020.0,72.0,4.1,0.0,0.0,2018,6,157,30,4,1,2,-0.9151456172430182,140.0,127.0
64.4,9.599999999999998,1020.0,72.0,4.1,0.0,0.0,2018,6,157,45,4,1,2,-0.9151456172430182,193.0,140.0
75.3,10.8,1020.0,64.0,4.4,0.0,0.0,2018,6,157,0,5,1,2,-0.9151456172430182,258.0,193.0
84.6,10.8,1020.0,64.0,4.4,0.0,0.0,2018,6,157,15,5,1,2,-0.9151456172430182,321.99999999999994,258.0
90.6,10.8,1020.0,64.0,4.4,0.0,0.0,2018,6,157,30,5,1,2,-0.9151456172430182,409.0,321.99999999999994
103.8,10.8,1020.0,64.0,4.4,0.0,0.0,2018,6,157,45,5,1,2,-0.9151456172430182,480.0,409.0
116.0,12.000000000000002,1021.0,54.0,4.7,0.0,0.0,2018,6,157,0,6,1,2,-0.9151456172430182,562.0,480.0
125.7,12.000000000000002,1021.0,54.0,4.7,0.0,0.0,2018,6,157,15,6,1,2,-0.9151456172430182,721.0000000000001,562.0
135.1,12.000000000000002,1021.0,54.0,4.7,0.0,0.0,2018,6,157,30,6,1,2,-0.9151456172430182,1062.0,721.0000000000001
144.3,12.000000000000002,1021.0,54.0,4.7,0.0,0.0,2018,6,157,45,6,1,2,-0.9151456172430182,1400.0,1062.0
153.1,14.3,1021.0,46.0,4.9,0.0,0.0,2018,6,157,0,7,1,2,-0.9151456172430182,1735.0,1400.0
161.7,14.3,1021.0,46.0,4.9,0.0,0.0,2018,6,157,15,7,1,2,-0.9151456172430182,2024.0,1735.0
169.8,14.3,1021.0,46.0,4.9,0.0,0.0,2018,6,157,30,7,1,2,-0.9151456172430182,2257.0,2024.0
177.6,14.3,1021.0,46.0,4.9,0.0,0.0,2018,6,157,45,7,1,2,-0.9151456172430182,2572.0,2257.0
184.9,14.999999999999998,1022.0,41.0,5.1,0.0,0.0,2018,6,157,0,8,1,2,-0.9151456172430182,3013.0,2572.0
191.7,14.999999999999998,1022.0,41.0,5.1,0.0,0.0,2018,6,157,15,8,1,2,-0.9151456172430182,3398.9999999999995,3013.0
197.9,14.999999999999998,1022.0,41.0,5.1,0.0,0.0,2018,6,157,30,8,1,2,-0.9151456172430182,3407.0,3398.9999999999995
203.7,14.999999999999998,1022.0,41.0,5.1,0.0,0.0,2018,6,157,45,8,1,2,-0.9151456172430182,3730.0,3407.0
208.8,16.6,1021.0,39.0,5.1,0.0,0.0,2018,6,157,0,9,1,2,-0.9151456172430182,3653.0,3730.0
213.3,16.6,1021.0,39.0,5.1,0.0,0.0,2018,6,157,15,9,1,2,-0.9151456172430182,3944.0,3653.0
217.2,16.6,1021.0,39.0,5.1,0.0,0.0,2018,6,157,30,9,1,2,-0.9151456172430182,4024.0,3944.0
220.4,16.6,1021.0,39.0,5.1,0.0,0.0,2018,6,157,45,9,1,2,-0.9151456172430182,4114.0,4024.0
223.0,17.6,1021.0,37.0,4.5,0.0,8.0,2018,6,157,0,10,1,2,-0.9151456172430182,4158.0,4114.0
224.9,17.6,1021.0,37.0,4.5,0.0,8.0,2018,6,157,15,10,1,2,-0.9151456172430182,4191.0,4158.0
226.2,17.6,1021.0,37.0,4.5,0.0,8.0,2018,6,157,30,10,1,2,-0.9151456172430182,4211.0,4191.0
226.7,17.6,1021.0,37.0,4.5,0.0,8.0,2018,6,157,45,10,1,2,-0.9151456172430182,4213.0,4211.0
226.5,18.6,1021.0,36.0,4.4,0.0,18.0,2018,6,157,0,11,1,2,-0.9151456172430182,4199.0,4213.0
225.7,18.6,1021.0,36.0,4.4,0.0,18.0,2018,6,157,15,11,1,2,-0.9151456172430182,4173.0,4199.0
224.1,18.6,1021.0,36.0,4.4,0.0,18.0,2018,6,157,30,11,1,2,-0.9151456172430182,4142.0,4173.0
221.9,18.6,1021.0,36.0,4.4,0.0,18.0,2018,6,157,45,11,1,2,-0.9151456172430182,4099.0,4142.0
219.0,19.6,1021.0,36.0,4.5,0.0,35.0,2018,6,157,0,12,1,2,-0.9151456172430182,4038.0,4099.0
215.5,19.6,1021.0,36.0,4.5,0.0,35.0,2018,6,157,15,12,1,2,-0.9151456172430182,3979.0,4038.0
211.3,19.6,1021.0,36.0,4.5,0.0,35.0,2018,6,157,30,12,1,2,-0.9151456172430182,3870.0,3979.0
206.5,19.6,1021.0,36.0,4.5,0.0,35.0,2018,6,157,45,12,1,2,-0.9151456172430182,3714.0,3870.0
200.9,20.6,1020.0,34.0,4.6,0.0,27.0,2018,6,157,0,13,1,2,-0.9151456172430182,3619.0,3714.0
187.5,20.6,1020.0,34.0,4.6,0.0,27.0,2018,6,157,15,13,1,2,-0.9151456172430182,3471.0,3619.0
185.3,20.6,1020.0,34.0,4.6,0.0,27.0,2018,6,157,30,13,1,2,-0.9151456172430182,3282.0,3471.0
181.7,20.6,1020.0,34.0,4.6,0.0,27.0,2018,6,157,45,13,1,2,-0.9151456172430182,3175.0,3282.0
174.2,20.7,1020.0,35.0,4.6,0.0,23.0,2018,6,157,0,14,1,2,-0.9151456172430182,2962.0,3175.0
166.2,20.7,1020.0,35.0,4.6,0.0,23.0,2018,6,157,15,14,1,2,-0.9151456172430182,2158.0,2962.0
157.9,20.7,1020.0,35.0,4.6,0.0,23.0,2018,6,157,30,14,1,2,-0.9151456172430182,2529.0,2158.0
148.9,20.7,1020.0,35.0,4.6,0.0,23.0,2018,6,157,45,14,1,2,-0.9151456172430182,2286.0,2529.0
133.0,20.800000000000004,1019.0,35.0,4.6,0.0,21.0,2018,6,157,0,15,1,2,-0.9151456172430182,2118.0,2286.0
127.8,20.800000000000004,1019.0,35.0,4.6,0.0,21.0,2018,6,157,15,15,1,2,-0.9151456172430182,1820.0,2118.0
121.4,20.800000000000004,1019.0,35.0,4.6,0.0,21.0,2018,6,157,30,15,1,2,-0.9151456172430182,1577.0,1820.0
111.7,20.800000000000004,1019.0,35.0,4.6,0.0,21.0,2018,6,157,45,15,1,2,-0.9151456172430182,1328.0,1577.0
101.9,21.1,1019.0,37.0,4.8,0.0,7.000000000000001,2018,6,157,0,16,1,2,-0.9151456172430182,1044.0,1328.0
92.1,21.1,1019.0,37.0,4.8,0.0,7.000000000000001,2018,6,157,15,16,1,2,-0.9151456172430182,754.0,1044.0
82.2,21.1,1019.0,37.0,4.8,0.0,7.000000000000001,2018,6,157,30,16,1,2,-0.9151456172430182,540.0,754.0
72.3,21.1,1019.0,37.0,4.8,0.0,7.000000000000001,2018,6,157,45,16,1,2,-0.9151456172430182,342.0,540.0
62.5,20.500000000000004,1019.0,39.0,4.4,0.0,4.0,2018,6,157,0,17,1,2,-0.9151456172430182,223.00000000000003,342.0
51.1,20.500000000000004,1019.0,39.0,4.4,0.0,4.0,2018,6,157,15,17,1,2,-0.9151456172430182,179.00000000000003,223.00000000000003
43.0,20.500000000000004,1019.0,39.0,4.4,0.0,4.0,2018,6,157,30,17,1,2,-0.9151456172430182,166.0,179.00000000000003
34.9,20.500000000000004,1019.0,39.0,4.4,0.0,4.0,2018,6,157,45,17,1,2,-0.9151456172430182,148.0,166.0
26.5,19.500000000000004,1019.0,42.99999999999999,3.7,0.0,3.0,2018,6,157,0,18,1,2,-0.9151456172430182,125.0,148.0
18.6,19.500000000000004,1019.0,42.99999999999999,3.7,0.0,3.0,2018,6,157,15,18,1,2,-0.9151456172430182,105.0,125.0
11.6,19.500000000000004,1019.0,42.99999999999999,3.7,0.0,3.0,2018,6,157,30,18,1,2,-0.9151456172430182,86.0,105.0
5.8,19.500000000000004,1019.0,42.99999999999999,3.7,0.0,3.0,2018,6,157,45,18,1,2,-0.9151456172430182,65.0,86.0
1.6,17.799999999999997,1020.0,48.00000000000001,3.5,0.0,0.0,2018,6,157,0,19,1,2,-0.9151456172430182,0.0,65.0
0.0,17.799999999999997,1020.0,48.00000000000001,3.5,0.0,0.0,2018,6,157,15,19,1,2,-0.9151456172430182,0.0,0.0
0.0,17.799999999999997,1020.0,48.00000000000001,3.5,0.0,0.0,2018,6,157,30,19,1,2,-0.9151456172430182,0.0,0.0
0.0,17.799999999999997,1020.0,48.00000000000001,3.5,0.0,0.0,2018,6,157,45,19,1,2,-0.9151456172430182,0.0,0.0
0.0,16.1,1020.0,54.0,3.7,0.0,0.0,2018,6,157,0,20,1,2,-0.9151456172430182,0.0,0.0
0.0,16.1,1020.0,54.0,3.7,0.0,0.0,2018,6,157,15,20,1,2,-0.9151456172430182,0.0,0.0
0.0,16.1,1020.0,54.0,3.7,0.0,0.0,2018,6,157,30,20,1,2,-0.9151456172430182,0.0,0.0
0.0,16.1,1020.0,54.0,3.7,0.0,0.0,2018,6,157,45,20,1,2,-0.9151456172430182,0.0,0.0
0.0,14.199999999999998,1021.0,56.0,3.8,0.0,0.0,2018,6,157,0,21,1,2,-0.9151456172430182,0.0,0.0
0.0,14.199999999999998,1021.0,56.0,3.8,0.0,0.0,2018,6,157,15,21,1,2,-0.9151456172430182,0.0,0.0
0.0,14.199999999999998,1021.0,56.0,3.8,0.0,0.0,2018,6,157,30,21,1,2,-0.9151456172430182,0.0,0.0
0.0,14.199999999999998,1021.0,56.0,3.8,0.0,0.0,2018,6,157,45,21,1,2,-0.9151456172430182,0.0,0.0
0.0,13.1,1021.0,59.0,3.4,0.0,0.0,2018,6,157,0,22,1,2,-0.9151456172430182,0.0,0.0
0.0,13.1,1021.0,59.0,3.4,0.0,0.0,2018,6,157,15,22,1,2,-0.9151456172430182,0.0,0.0
0.0,13.1,1021.0,59.0,3.4,0.0,0.0,2018,6,157,30,22,1,2,-0.9151456172430182,0.0,0.0
0.0,13.1,1021.0,59.0,3.4,0.0,0.0,2018,6,157,45,22,1,2,-0.9151456172430182,0.0,0.0
0.0,12.399999999999997,1021.0,62.0,3.4,0.0,0.0,2018,6,157,0,23,1,2,-0.9151456172430182,0.0,0.0
0.0,12.399999999999997,1021.0,62.0,3.4,0.0,0.0,2018,6,157,15,23,1,2,-0.9151456172430182,0.0,0.0
0.0,12.399999999999997,1021.0,62.0,3.4,0.0,0.0,2018,6,157,30,23,1,2,-0.9151456172430182,0.0,0.0
0.0,12.399999999999997,1021.0,62.0,3.4,0.0,0.0,2018,6,157,45,23,1,2,-0.9151456172430182,0.0,0.0
0.0,11.6,1021.0,64.0,3.6,0.0,0.0,2018,6,158,0,0,1,3,-0.9151456172430182,0.0,0.0
0.0,11.6,1021.0,64.0,3.6,0.0,0.0,2018,6,158,15,0,1,3,-0.9151456172430182,0.0,0.0
0.0,11.6,1021.0,64.0,3.6,0.0,0.0,2018,6,158,30,0,1,3,-0.9151456172430182,0.0,0.0
0.0,11.6,1021.0,64.0,3.6,0.0,0.0,2018,6,158,45,0,1,3,-0.9151456172430182,0.0,0.0
0.0,9.700000000000005,1020.0,67.0,3.6,0.0,0.0,2018,6,158,0,1,1,3,-0.9151456172430182,0.0,0.0
0.0,9.700000000000005,1020.0,67.0,3.6,0.0,0.0,2018,6,158,15,1,1,3,-0.9151456172430182,0.0,0.0
0.0,9.700000000000005,1020.0,67.0,3.6,0.0,0.0,2018,6,158,30,1,1,3,-0.9151456172430182,0.0,0.0
0.0,9.700000000000005,1020.0,67.0,3.6,0.0,0.0,2018,6,158,45,1,1,3,-0.9151456172430182,0.0,0.0
0.0,9.300000000000002,1020.0,67.0,3.4,0.0,0.0,2018,6,158,0,2,1,3,-0.9151456172430182,0.0,0.0
0.0,9.300000000000002,1020.0,67.0,3.4,0.0,0.0,2018,6,158,15,2,1,3,-0.9151456172430182,0.0,0.0
0.2,9.300000000000002,1020.0,67.0,3.4,0.0,0.0,2018,6,158,30,2,1,3,-0.9151456172430182,0.0,0.0
2.6,9.300000000000002,1020.0,67.0,3.4,0.0,0.0,2018,6,158,45,2,1,3,-0.9151456172430182,0.0,0.0
7.300000000000001,9.300000000000002,1020.0,67.0,3.3,0.0,0.0,2018,6,158,0,3,1,3,-0.9151456172430182,27.0,0.0
13.5,9.300000000000002,1020.0,67.0,3.3,0.0,0.0,2018,6,158,15,3,1,3,-0.9151456172430182,41.0,27.0
20.8,9.300000000000002,1020.0,67.0,3.3,0.0,0.0,2018,6,158,30,3,1,3,-0.9151456172430182,64.0,41.0
28.8,9.300000000000002,1020.0,67.0,3.3,0.0,0.0,2018,6,158,45,3,1,3,-0.9151456172430182,92.0,64.0
37.4,11.000000000000004,1021.0,64.0,3.8,0.0,0.0,2018,6,158,0,4,1,3,-0.9151456172430182,116.0,92.0
46.5,11.000000000000004,1021.0,64.0,3.8,0.0,0.0,2018,6,158,15,4,1,3,-0.9151456172430182,134.0,116.0
55.8,11.000000000000004,1021.0,64.0,3.8,0.0,0.0,2018,6,158,30,4,1,3,-0.9151456172430182,153.0,134.0
62.9,11.000000000000004,1021.0,64.0,3.8,0.0,0.0,2018,6,158,45,4,1,3,-0.9151456172430182,212.0,153.0
74.0,13.5,1021.0,58.00000000000001,4.0,0.0,0.0,2018,6,158,0,5,1,3,-0.9151456172430182,271.0,212.0
83.7,13.5,1021.0,58.00000000000001,4.0,0.0,0.0,2018,6,158,15,5,1,3,-0.9151456172430182,329.0,271.0
94.5,13.5,1021.0,58.00000000000001,4.0,0.0,0.0,2018,6,158,30,5,1,3,-0.9151456172430182,424.0,329.0
105.2,13.5,1021.0,58.00000000000001,4.0,0.0,0.0,2018,6,158,45,5,1,3,-0.9151456172430182,489.0,424.0
115.0,15.199999999999996,1021.0,51.0,4.5,0.0,0.0,2018,6,158,0,6,1,3,-0.9151456172430182,564.0,489.0
124.7,15.199999999999996,1021.0,51.0,4.5,0.0,0.0,2018,6,158,15,6,1,3,-0.9151456172430182,738.0,564.0
134.2,15.199999999999996,1021.0,51.0,4.5,0.0,0.0,2018,6,158,30,6,1,3,-0.9151456172430182,1071.0,738.0
143.5,15.199999999999996,1021.0,51.0,4.5,0.0,0.0,2018,6,158,45,6,1,3,-0.9151456172430182,1404.0,1071.0
152.4,17.1,1021.0,45.0,4.8,0.0,0.0,2018,6,158,0,7,1,3,-0.9151456172430182,1731.0,1404.0
161.0,17.1,1021.0,45.0,4.8,0.0,0.0,2018,6,158,15,7,1,3,-0.9151456172430182,2015.0,1731.0
169.3,17.1,1021.0,45.0,4.8,0.0,0.0,2018,6,158,30,7,1,3,-0.9151456172430182,2246.0,2015.0
177.1,17.1,1021.0,45.0,4.8,0.0,0.0,2018,6,158,45,7,1,3,-0.9151456172430182,2585.9999999999995,2246.0
184.5,18.200000000000003,1021.0,41.0,5.0,0.0,0.0,2018,6,158,0,8,1,3,-0.9151456172430182,2996.0,2585.9999999999995
191.4,18.200000000000003,1021.0,41.0,5.0,0.0,0.0,2018,6,158,15,8,1,3,-0.9151456172430182,3338.0,2996.0
197.7,18.200000000000003,1021.0,41.0,5.0,0.0,0.0,2018,6,158,30,8,1,3,-0.9151456172430182,3530.0,3338.0
203.5,18.200000000000003,1021.0,41.0,5.0,0.0,0.0,2018,6,158,45,8,1,3,-0.9151456172430182,3653.0,3530.0
208.7,19.8,1021.0,39.0,5.0,0.0,0.0,2018,6,158,0,9,1,3,-0.9151456172430182,3762.0,3653.0
213.3,19.8,1021.0,39.0,5.0,0.0,0.0,2018,6,158,15,9,1,3,-0.9151456172430182,3885.0,3762.0
217.3,19.8,1021.0,39.0,5.0,0.0,0.0,2018,6,158,30,9,1,3,-0.9151456172430182,3970.000000000001,3885.0
220.6,19.8,1021.0,39.0,5.0,0.0,0.0,2018,6,158,45,9,1,3,-0.9151456172430182,4066.0,3970.000000000001
223.2,21.000000000000004,1020.0,35.0,4.2,0.0,0.0,2018,6,158,0,10,1,3,-0.9151456172430182,4118.0,4066.0
225.2,21.000000000000004,1020.0,35.0,4.2,0.0,0.0,2018,6,158,15,10,1,3,-0.9151456172430182,4144.0,4118.0
226.5,21.000000000000004,1020.0,35.0,4.2,0.0,0.0,2018,6,158,30,10,1,3,-0.9151456172430182,4144.0,4144.0
227.1,21.000000000000004,1020.0,35.0,4.2,0.0,0.0,2018,6,158,45,10,1,3,-0.9151456172430182,4136.0,4144.0
227.0,21.4,1020.0,35.0,4.4,0.0,0.0,2018,6,158,0,11,1,3,-0.9151456172430182,4142.0,4136.0
226.2,21.4,1020.0,35.0,4.4,0.0,0.0,2018,6,158,15,11,1,3,-0.9151456172430182,4111.0,4142.0
224.7,21.4,1020.0,35.0,4.4,0.0,0.0,2018,6,158,30,11,1,3,-0.9151456172430182,4055.0,4111.0
222.5,21.4,1020.0,35.0,4.4,0.0,0.0,2018,6,158,45,11,1,3,-0.9151456172430182,4014.0,4055.0
219.7,23.0,1019.0,34.0,4.4,0.0,0.0,2018,6,158,0,12,1,3,-0.9151456172430182,3967.0,4014.0
216.2,23.0,1019.0,34.0,4.4,0.0,0.0,2018,6,158,15,12,1,3,-0.9151456172430182,3881.0,3967.0
212.0,23.0,1019.0,34.0,4.4,0.0,0.0,2018,6,158,30,12,1,3,-0.9151456172430182,3776.0,3881.0
207.2,23.0,1019.0,34.0,4.4,0.0,0.0,2018,6,158,45,12,1,3,-0.9151456172430182,3678.0,3776.0
201.8,23.8,1019.0,34.0,4.4,0.0,0.0,2018,6,158,0,13,1,3,-0.9151456172430182,3539.0,3678.0
195.9,23.8,1019.0,34.0,4.4,0.0,0.0,2018,6,158,15,13,1,3,-0.9151456172430182,3442.0,3539.0
189.4,23.8,1019.0,34.0,4.4,0.0,0.0,2018,6,158,30,13,1,3,-0.9151456172430182,3287.0,3442.0
182.4,23.8,1019.0,34.0,4.4,0.0,0.0,2018,6,158,45,13,1,3,-0.9151456172430182,3132.0,3287.0
174.9,24.0,1018.0,34.0,4.3,0.0,0.0,2018,6,158,0,14,1,3,-0.9151456172430182,2958.0000000000005,3132.0
166.9,24.0,1018.0,34.0,4.3,0.0,0.0,2018,6,158,15,14,1,3,-0.9151456172430182,2748.0,2958.0000000000005
158.6,24.0,1018.0,34.0,4.3,0.0,0.0,2018,6,158,30,14,1,3,-0.9151456172430182,2540.9999999999995,2748.0
149.8,24.0,1018.0,34.0,4.3,0.0,0.0,2018,6,158,45,14,1,3,-0.9151456172430182,2319.0,2540.9999999999995
140.8,24.6,1018.0,34.0,4.1,0.0,0.0,2018,6,158,0,15,1,3,-0.9151456172430182,2055.0,2319.0
131.5,24.6,1018.0,34.0,4.1,0.0,0.0,2018,6,158,15,15,1,3,-0.9151456172430182,1809.0,2055.0
121.9,24.6,1018.0,34.0,4.1,0.0,0.0,2018,6,158,30,15,1,3,-0.9151456172430182,1582.9999999999998,1809.0
112.2,24.6,1018.0,34.0,4.1,0.0,0.0,2018,6,158,45,15,1,3,-0.9151456172430182,1321.0,1582.9999999999998
102.3,24.5,1017.0,34.0,3.9,0.0,0.0,2018,6,158,0,16,1,3,-0.9151456172430182,1034.0,1321.0
92.4,24.5,1017.0,34.0,3.9,0.0,0.0,2018,6,158,15,16,1,3,-0.9151456172430182,775.0,1034.0
82.5,24.5,1017.0,34.0,3.9,0.0,0.0,2018,6,158,30,16,1,3,-0.9151456172430182,534.0,775.0
72.6,24.5,1017.0,34.0,3.9,0.0,0.0,2018,6,158,45,16,1,3,-0.9151456172430182,355.0,534.0
62.8,23.8,1017.0,39.0,2.9,0.0,0.0,2018,6,158,0,17,1,3,-0.9151456172430182,230.0,355.0
53.3,23.8,1017.0,39.0,2.9,0.0,0.0,2018,6,158,15,17,1,3,-0.9151456172430182,181.0,230.0
44.0,23.8,1017.0,39.0,2.9,0.0,0.0,2018,6,158,30,17,1,3,-0.9151456172430182,163.0,181.0
35.0,23.8,1017.0,39.0,2.9,0.0,0.0,2018,6,158,45,17,1,3,-0.9151456172430182,145.0,163.0
26.6,22.600000000000005,1017.0,44.0,2.1,0.0,0.0,2018,6,158,0,18,1,3,-0.9151456172430182,127.0,145.0
18.8,22.600000000000005,1017.0,44.0,2.1,0.0,0.0,2018,6,158,15,18,1,3,-0.9151456172430182,107.0,127.0
11.8,22.600000000000005,1017.0,44.0,2.1,0.0,0.0,2018,6,158,30,18,1,3,-0.9151456172430182,86.0,107.0
6.0,22.600000000000005,1017.0,44.0,2.1,0.0,0.0,2018,6,158,45,18,1,3,-0.9151456172430182,63.0,86.0
1.7,20.3,1017.0,51.0,2.4,0.0,0.0,2018,6,158,0,19,1,3,-0.9151456172430182,42.0,63.0
0.0,20.3,1017.0,51.0,2.4,0.0,0.0,2018,6,158,15,19,1,3,-0.9151456172430182,20.0,42.0
0.0,20.3,1017.0,51.0,2.4,0.0,0.0,2018,6,158,30,19,1,3,-0.9151456172430182,0.0,20.0
0.0,20.3,1017.0,51.0,2.4,0.0,0.0,2018,6,158,45,19,1,3,-0.9151456172430182,0.0,0.0
0.0,17.5,1017.0,56.0,2.9,0.0,0.0,2018,6,158,0,20,1,3,-0.9151456172430182,0.0,0.0
0.0,17.5,1017.0,56.0,2.9,0.0,0.0,2018,6,158,15,20,1,3,-0.9151456172430182,0.0,0.0
0.0,17.5,1017.0,56.0,2.9,0.0,0.0,2018,6,158,30,20,1,3,-0.9151456172430182,0.0,0.0
0.0,17.5,1017.0,56.0,2.9,0.0,0.0,2018,6,158,45,20,1,3,-0.9151456172430182,0.0,0.0
0.0,16.1,1017.0,58.00000000000001,3.2,0.0,0.0,2018,6,158,0,21,1,3,-0.9151456172430182,0.0,0.0
0.0,16.1,1017.0,58.00000000000001,3.2,0.0,0.0,2018,6,158,15,21,1,3,-0.9151456172430182,0.0,0.0
0.0,16.1,1017.0,58.00000000000001,3.2,0.0,0.0,2018,6,158,30,21,1,3,-0.9151456172430182,0.0,0.0
0.0,16.1,1017.0,58.00000000000001,3.2,0.0,0.0,2018,6,158,45,21,1,3,-0.9151456172430182,0.0,0.0
0.0,14.600000000000003,1017.0,60.0,3.8,0.0,0.0,2018,6,158,0,22,1,3,-0.9151456172430182,0.0,0.0
0.0,14.600000000000003,1017.0,60.0,3.8,0.0,0.0,2018,6,158,15,22,1,3,-0.9151456172430182,0.0,0.0
0.0,14.600000000000003,1017.0,60.0,3.8,0.0,0.0,2018,6,158,30,22,1,3,-0.9151456172430182,0.0,0.0
0.0,14.600000000000003,1017.0,60.0,3.8,0.0,0.0,2018,6,158,45,22,1,3,-0.9151456172430182,0.0,0.0
0.0,14.600000000000003,1017.0,61.0,3.4,0.0,0.0,2018,6,158,0,23,1,3,-0.9151456172430182,0.0,0.0
0.0,14.600000000000003,1017.0,61.0,3.4,0.0,0.0,2018,6,158,15,23,1,3,-0.9151456172430182,0.0,0.0
0.0,14.600000000000003,1017.0,61.0,3.4,0.0,0.0,2018,6,158,30,23,1,3,-0.9151456172430182,0.0,0.0
0.0,14.600000000000003,1017.0,61.0,3.4,0.0,0.0,2018,6,158,45,23,1,3,-0.9151456172430182,0.0,0.0
